feature,mu_gain,pi_gain,total_gain
X1049,608.8309765338897,31419.820417237188,32028.651393771077
X561,161.53717937469483,21994.502270317822,22156.03944969252
X727,524.905069565773,12610.333127079904,13135.238196645678
X592,714.4986919403076,11087.577828812598,11802.076520752906
X1066,846.5680418014526,9297.686550152303,10144.254591953755
X1085,292.3842921257019,7164.453961313889,7456.8382534395905
X1068,478.57957763671874,6357.5027406439185,6836.082318280637
X595,71.23561611175538,6700.767784023285,6772.00340013504
X1071,526.0327266693115,5871.246819248423,6397.279545917734
X1060,684.5314148426056,5063.030621258915,5747.562036101521
X1070,783.2154543876647,4554.579029363394,5337.794483751059
X1063,360.33068523406985,4437.112127104774,4797.442812338844
X1064,927.5409989833831,3721.3168672174215,4648.857866200805
X583,99.2153356552124,4283.563999152184,4382.7793348073965
X582,52.159985637664796,3274.344668340683,3326.5046539783475
X587,134.34390802383422,3062.6597941637037,3197.003702187538
X588,207.97712817192078,2982.893595471978,3190.870723643899
X1083,157.77361767292024,2282.8431334137917,2440.616751086712
X726,697.5593109607696,1159.2706092476844,1856.829920208454
X1003,540.2128950595855,1250.066774737835,1790.2796697974204
X581,72.6010500907898,1552.0484099194407,1624.6494600102305
X1001,482.5622008681297,897.8875339925289,1380.4497348606587
X881,70.25298137664795,1276.750885155052,1347.0038665317
X995,329.1678030252457,942.1630723714828,1271.3308753967285
X590,205.62341470718383,936.5990303993225,1142.2224451065063
X584,61.765120124816896,1073.898861527443,1135.6639816522597
X723,407.47099475860597,719.8272607952356,1127.2982555538415
X999,296.9136483192444,828.3410889863968,1125.2547373056411
X744,73.44415788650512,1017.9869722098113,1091.4311300963163
X738,97.7109896183014,958.2545243918896,1055.965514010191
X594,330.4333671569824,682.1059330135583,1012.5393001705407
X689,190.28696088790895,771.7308686971664,962.0178295850753
X255,82.96698141098022,877.3498378068209,960.3168192178011
X718,609.5582804203034,342.4809311121702,952.0392115324736
X1059,134.41118631362914,815.7707630030811,950.1819493167103
X844,61.22919204235077,863.9512922286988,925.1804842710495
X732,571.532541847229,275.4000838279724,846.9326256752015
X557,230.82246160507202,600.0783427819609,830.900804387033
X768,527.3439213037491,294.01558892168106,821.3595102254301
X722,289.87139501571653,515.9360258430243,805.8074208587408
X1002,359.1304455041885,407.0108356565237,766.1412811607122
X418,10.646319961547851,722.3173395633697,732.9636595249176
X586,249.60616602897645,470.0141873002052,719.6203533291816
X1029,396.6913405418396,285.7518000602722,682.4431406021118
X580,150.02949151992797,507.4761949419975,657.5056864619255
X1076,160.9731060028076,452.3804321527481,613.3535381555557
X719,305.6109673500061,255.89145914912223,561.5024264991283
X578,139.7030059337616,387.2366737246513,526.939679658413
X355,96.43978538513184,394.79696829319,491.23675367832186
X574,160.45425815582274,329.7761746644974,490.2304328203201
X1006,128.8956256866455,358.31312064528464,487.2087463319301
X1031,326.3352945327759,139.75234088152646,466.0876354143023
X1007,213.74354724884034,250.48803559541702,464.23158284425733
X589,205.28538103103637,258.35407388210297,463.63945491313933
X998,293.05272101163865,168.07407314404844,461.1267941556871
X1073,147.76630516052245,286.62818695306777,434.3944921135902
X661,155.58213200569153,278.64052399098875,434.22265599668026
X1014,242.26885557174683,182.66725556254386,424.9361111342907
X831,331.25577597618104,91.04975574016571,422.30553171634676
X305,67.18315563201904,353.89457325339316,421.07772888541217
X1075,186.7621497154236,233.92233140468596,420.6844811201096
X1016,198.55098023414612,199.36394400596618,397.9149242401123
X1004,217.571693611145,174.00669093132018,391.5783845424652
X1058,113.16828117370605,277.64961050748826,390.8178916811943
X649,72.44567203521729,317.76844840049745,390.21412043571473
X828,216.76217288970946,171.58673202097415,388.3489049106836
X1032,270.92638329267504,102.18173521757126,373.1081185102463
X577,69.70448808670044,297.0825218081474,366.78700989484787
X550,155.44276933670045,210.79804215431213,366.24081149101255
X571,77.31563391685486,282.8126215927303,360.1282555095852
X85,185.84817819595338,174.25944714695214,360.1076253429055
X837,157.64153118133544,199.83469041585923,357.4762215971947
X243,252.24877784252166,96.46733241416514,348.7161102566868
X875,159.6550567150116,187.79637511968613,347.4514318346977
X400,106.80578775405884,237.09395763874053,343.8997453927994
X562,184.96048731803893,147.9387839552015,332.8992712732404
X713,162.97545671463013,166.6659685086459,329.64142522327603
X572,208.57405076026916,119.78039637207985,328.35444713234904
X240,108.9070855140686,215.1203499853611,324.02743549942966
X731,181.92958610057832,141.70390739142894,323.63349349200723
X721,94.11566433906555,210.35886172056198,304.4745260596275
X773,154.20068140029906,145.39739623069764,299.5980776309967
X868,55.48648204803467,243.38049082756044,298.8669728755951
X754,47.56908822059631,244.3950765788555,291.96416479945185
X660,159.05897431373597,131.78661918342112,290.8455934971571
X1030,185.13078956604005,104.31681639477611,289.4476059608162
X573,167.3983738899231,118.23153338432311,285.6299072742462
X576,87.68744640350342,197.2933886051178,284.9808350086212
X314,73.96912951469422,206.02535123825072,279.9944807529449
X833,167.82504119873047,110.91428948640824,278.7393306851387
X29,110.77306563854218,163.69011351168155,274.4631791502237
X202,180.63792233467103,91.49657850265503,272.1345008373261
X294,72.00528583526611,197.75907335281372,269.7643591880798
X734,192.62284202575682,74.99040205478668,267.6132440805435
X1033,130.31536860466002,133.6397186845541,263.95508728921413
X1008,130.75035095214844,125.90789129137993,256.6582422435284
X549,77.95943765640259,178.4427948862314,256.402232542634
X735,54.25857844352722,200.75187363624573,255.01045207977296
X878,87.14751982688904,165.6632321000099,252.81075192689894
X854,191.65863184928895,59.83238949775696,251.49102134704592
X485,180.99387035369872,69.51943852258846,250.51330887628717
X293,108.3489264011383,140.72940847873687,249.07833487987517
X870,116.41482810974121,132.5985981941223,249.01342630386353
X601,136.18329241275788,110.7250626385212,246.90835505127907
X1018,147.21697959899902,96.78617683872581,244.00315643772484
X769,78.63969240188598,163.10668280124665,241.74637520313263
X851,41.894650030136106,198.40788354873658,240.30253357887267
X122,63.44071385860443,175.24127813577653,238.68199199438095
X46,150.29783449172973,87.79314012527466,238.0909746170044
X613,91.73768615722656,140.92884582281113,232.6665319800377
X190,118.14713630676269,113.1307658612728,231.2779021680355
X295,140.83218870162963,90.35171560049056,231.1839043021202
X839,173.7315609931946,56.82540606856346,230.55696706175806
X292,58.368760108947754,168.3074200041592,226.67618011310697
X1017,105.18034167289734,119.72475047763437,224.90509215053171
X95,114.16094608306885,110.22753332853317,224.38847941160202
X893,188.45517220497132,35.57789824008942,224.03307044506073
X1044,131.44744591712953,88.06329793930054,219.51074385643005
X1013,80.78260359466076,138.28861611485482,219.07121970951556
X682,122.7902783870697,96.03969005346298,218.8299684405327
X27,103.14337973594665,115.31157550811767,218.4549552440643
X836,130.7662082672119,86.90944055318832,217.67564882040023
X1000,131.50798254013063,85.90635232925415,217.4143348693848
X337,122.85194778442383,93.98670688271523,216.83865466713905
X860,119.47561573982239,96.17126905918121,215.6468847990036
X376,15.495965766906739,199.1373989060521,214.63336467295886
X330,68.01618404388428,146.00421553477645,214.02039957866072
X1005,113.71126971244811,99.87637624293566,213.58764595538378
X1015,122.90785380601884,88.7154902458191,211.62334405183793
X1077,95.65176587104797,115.55444822311401,211.20621409416196
X834,96.56996154785156,111.97268590927123,208.5426474571228
X865,97.53922185897827,110.99389331936837,208.53311517834663
X397,122.94198570251464,83.76006150245667,206.7020472049713
X826,133.1357546210289,73.24632326364517,206.38207788467406
X67,137.89940843582153,66.7744786977768,204.67388713359833
X34,109.35400605201721,94.12158224582672,203.47558829784393
X209,67.43468821048737,134.61612604856492,202.0508142590523
X128,68.45584573745728,131.24442273378372,199.700268471241
X264,85.29515795707702,113.54064092338085,198.83579888045787
X483,116.28647012710572,81.82761263102293,198.11408275812863
X110,97.08916549682617,101.00601426362991,198.09517976045606
X838,81.5938277721405,115.76200007200241,197.3558278441429
X997,91.14061059951783,106.04496331810951,197.18557391762732
X835,133.06443514823914,63.754323959350586,196.81875910758973
X396,48.72810230255127,147.36863164901735,196.0967339515686
X806,40.41421184539795,154.81617671251297,195.2303885579109
X632,136.96437187194823,57.97764406204224,194.94201593399046
X560,79.68743658065796,114.65047363042831,194.33791021108627
X730,77.7861126422882,115.8314121723175,193.6175248146057
X415,51.804464149475095,139.92692683935167,191.73139098882677
X667,104.29627985954285,86.9949538230896,191.29123368263245
X888,151.17789902687073,39.79692974090576,190.9748287677765
X113,66.97017359733582,122.7528292119503,189.72300280928613
X340,38.11438426971436,151.07168490886687,189.18606917858122
X832,91.63995447158814,96.88929530978203,188.52924978137017
X843,78.64893221855164,109.57856628894805,188.2274985074997
X664,111.03049613237381,75.92773399353027,186.9582301259041
X867,113.47336049079895,72.83994598388672,186.31330647468567
X19,112.27144527435303,73.23845930099488,185.5099045753479
X853,87.78755979537964,97.04822390377521,184.83578369915483
X863,79.69893817901611,105.11471104621887,184.813649225235
X380,6.4253438949584964,178.26512446403504,184.69046835899354
X403,63.700249910354614,120.56101424694062,184.26126415729522
X668,95.03135585784912,89.01880752742291,184.05016338527201
X79,125.17677426338196,58.605475223064424,183.78224948644637
X644,140.7222988128662,40.52537639141083,181.24767520427702
X873,70.32993993759155,110.52708641886711,180.85702635645868
X901,34.336447954177856,145.2477314710617,179.58417942523957
X45,95.11695353984832,83.48679302907549,178.6037465689238
X784,33.37091236114502,144.67317019701005,178.04408255815508
X127,67.7358721256256,109.81953777074814,177.55540989637376
X830,120.93001461029053,55.380369174480435,176.31038378477098
X665,65.20846686661244,110.75582872219384,175.9642955888063
X361,58.41248979568481,116.95550539493561,175.36799519062043
X973,85.67805795669555,89.51213653981685,175.1901944965124
X161,96.16632027626038,78.94339960217476,175.10971987843516
X563,65.02957019805908,109.82822891771794,174.85779911577703
X880,117.03560235500336,57.03081752732396,174.06641988232732
X187,102.69858357906341,71.28862946033477,173.98721303939817
X129,78.0724865436554,95.41601011902094,173.48849666267634
X895,70.03853034973145,102.81034446656705,172.8488748162985
X811,28.933349800109863,142.9227276802063,171.85607748031615
X733,118.61000232696533,52.3723468542099,170.98234918117524
X146,41.6773561000824,129.2048840343952,170.8822401344776
X42,82.33834404945374,88.39222108721734,170.7305651366711
X890,135.7752956867218,34.80109823942185,170.57639392614362
X829,78.65829068422318,91.85216616988183,170.510456854105
X484,79.62763614654541,89.5234658241272,169.1511019706726
X898,47.2464201927185,121.61458066701888,168.86100085973737
X59,110.38837571144104,57.54550347924233,167.93387919068337
X155,118.20206408500671,49.36682004928589,167.5688841342926
X269,93.30048656463623,74.1689177274704,167.46940429210662
X793,22.485685920715333,144.60427614450455,167.08996206521988
X214,78.7833019733429,87.52992327809334,166.31322525143622
X670,78.13190002441407,88.15887110233307,166.29077112674713
X28,52.64073634147644,113.09155038297176,165.73228672444822
X606,93.29809074401855,72.12400102615356,165.42209177017213
X207,72.5859640598297,92.41848487854004,165.00444893836976
X842,65.6758987903595,95.56673595905303,161.24263474941253
X5,42.77387623786926,118.19412876665592,160.9680050045252
X18,88.57512636184693,72.22749403491616,160.80262039676307
X55,99.58243389129639,59.625887954235075,159.20832184553146
X894,106.0503282546997,52.59580776691437,158.64613602161407
X877,95.27619833946228,63.21442177146673,158.490620110929
X807,55.49706592559814,102.34052455425262,157.83759047985077
X60,66.66517963409424,90.63661257829517,157.30179221238942
X16,54.387860250473025,102.27584971487522,156.66370996534823
X892,103.23635017871857,52.81449596881866,156.05084614753724
X184,71.30580410957336,84.39331803023815,155.6991221398115
X849,107.25933837890625,48.178906166553496,155.43824454545975
X821,66.15774807929992,88.30356671810151,154.46131479740143
X267,68.20502164363862,83.96167018413544,152.16669182777406
X48,117.15119438171386,34.51107763648033,151.6622720181942
X405,16.430820083618165,134.25906199216843,150.68988207578658
X750,48.22237157821655,101.74847607165574,149.9708476498723
X54,54.39971945285797,95.49290683269501,149.89262628555298
X887,94.13311223983764,55.47307698726654,149.60618922710418
X905,47.00176162719727,102.53121817111969,149.53297979831694
X177,53.93615436553955,95.55710499286651,149.49325935840608
X66,48.53653178215027,99.6894260764122,148.22595785856248
X64,71.60811796188355,76.30328825116158,147.91140621304513
X203,90.22944386005402,57.583556580543515,147.81300044059753
X398,73.46563005447388,74.17488360404968,147.64051365852356
X145,75.92150597572326,71.38183994889259,147.30334592461585
X974,81.54137558937073,64.94567410945892,146.48704969882965
X173,77.5926899433136,68.4510541677475,146.0437441110611
X850,54.846833896636966,91.12104424573481,145.96787814237177
X174,55.00573678612709,90.66489753127098,145.67063431739808
X197,75.12786793708801,70.2314265370369,145.3592944741249
X810,107.10436227321625,37.08048113584518,144.18484340906144
X481,44.069844245910645,99.44938590526581,143.51923015117646
X669,58.98744390010834,84.44603943871334,143.43348333882167
X886,77.42397003173828,65.84243595600128,143.26640598773957
X58,72.66288990974427,70.56728045344353,143.2301703631878
X126,50.40684950351715,91.46208362057806,141.8689331240952
X41,65.82329812049866,74.89567101597785,140.71896913647652
X271,72.79470415115357,67.59703871905803,140.3917428702116
X857,40.5409640789032,98.92073202133179,139.46169610023497
X852,73.6776303768158,65.69658761955797,139.37421799637377
X200,78.63515431880951,59.61254289150238,138.24769721031188
X409,20.547843742370606,116.85160994529724,137.39945368766786
X154,57.526188707351686,79.22678175419568,136.75297046154736
X65,59.85995473861694,76.67728874087334,136.5372434794903
X817,63.49433336257935,72.76789166927338,136.26222503185272
X800,94.16761751174927,41.90248003005981,136.07009754180908
X74,31.31233768463135,104.67636842429638,135.98870610892774
X818,60.80240020751953,73.34929366111756,134.1516938686371
X77,63.143853998184206,69.2509220212698,132.394776019454
X824,74.52017030715942,57.57946193218231,132.09963223934173
X24,67.61092166900634,63.91755667924881,131.52847834825516
X1011,48.60968823432923,82.6999776005745,131.30966583490374
X840,77.7039026260376,53.324917030334475,131.0288196563721
X40,81.58486933708191,49.12677380442619,130.7116431415081
X486,68.45988607406616,61.51477028131485,129.974656355381
X570,44.26828012466431,85.06855410337448,129.33683422803878
X57,78.94492845535278,49.59973188638687,128.54466034173964
X80,41.3293438911438,87.03999941647052,128.36934330761432
X191,78.71035966873168,47.437866020202634,126.14822568893432
X753,44.5079158782959,80.86278933286667,125.37070521116257
X739,33.13440580368042,92.0809458732605,125.21535167694093
X911,44.48421201705933,80.7098343372345,125.19404635429382
X874,82.19550213813781,42.139961862564085,124.3354640007019
X394,35.72673234939575,88.45477373600006,124.18150608539582
X802,73.24338028430938,49.657029962539674,122.90041024684905
X193,55.94667806625366,66.08095673322677,122.02763479948044
X160,54.729189491271974,67.155652526021,121.88484201729298
X841,38.63416996002197,82.54588766098023,121.18005762100219
X166,45.50474991798401,75.07443026304244,120.57918018102646
X73,51.078060150146484,69.30744149684907,120.38550164699555
X78,44.58877191543579,75.35760734081268,119.94637925624846
X210,60.38205614089966,59.02322705872357,119.40528319962323
X1012,57.31697015762329,61.994080770015714,119.311050927639
X61,34.87309608459473,82.75159913301468,117.6246952176094
X783,22.09581604003906,94.30243875980378,116.39825479984285
X909,35.89561014175415,79.88107779026032,115.77668793201447
X803,49.89760599136353,65.80115393996239,115.69875993132592
X904,51.518905544281004,64.01951186656952,115.53841741085051
X856,74.70534181594849,40.04112212657928,114.74646394252777
X56,48.06448173522949,66.47979831695557,114.54428005218506
X652,73.83309741020203,40.053862524032596,113.88695993423462
X121,72.85693016052247,41.016755890846255,113.87368605136872
X76,53.8302243232727,59.85560682415962,113.68583114743232
X812,57.00398559570313,56.39773812294006,113.40172371864318
X782,29.60058813095093,83.76124668940902,113.36183482035995
X678,52.62726423740387,60.34630200266838,112.97356624007224
X808,54.941854095458986,57.86506326198578,112.80691735744477
X83,59.6179799079895,51.889703035354614,111.50768294334412
X165,62.03261981010437,48.86811647415161,110.90073628425598
X75,91.6560606956482,19.21171534061432,110.86777603626251
X482,44.30810437202454,66.11359341740608,110.42169778943062
X755,60.51994409561157,49.70491126179695,110.22485535740853
X120,62.139738178253175,48.01187800168991,110.15161617994309
X816,70.9944580078125,38.48872530460358,109.48318331241607
X785,46.865490436553955,62.48441906273365,109.3499094992876
X69,63.01434984207153,46.26534202098846,109.27969186306
X690,55.166523933410645,53.89936187267303,109.06588580608368
X391,66.97264204025268,40.7779782295227,107.75062026977538
X63,48.51526975631714,58.8490088224411,107.36427857875825
X982,84.03853538036347,23.239686036109923,107.2782214164734
X641,35.904528045654295,71.31897404193879,107.22350208759309
X117,30.554412174224854,76.46718739271164,107.02159956693649
X189,41.762279748916626,64.37321838140488,106.13549813032151
X855,59.39094581604004,45.97721819877624,105.36816401481627
X891,60.007157707214354,45.23967896699905,105.2468366742134
X260,44.754245853424074,60.323821771144864,105.07806762456894
X889,53.59916009902954,51.326269721984865,104.9254298210144
X318,34.29510383605957,68.91834086179733,103.2134446978569
X804,49.16036033630371,53.42075877189636,102.58111910820007
X763,34.01692581176758,67.64037404060363,101.65729985237121
X479,51.365665912628174,50.17355809211731,101.53922400474548
X342,32.14143810272217,69.22537760734558,101.36681571006775
X36,61.093080043792725,40.09273852109909,101.18581856489182
X813,40.45261754989624,60.73267397880554,101.18529152870178
X815,37.402595615386964,63.50269989967346,100.90529551506043
X53,76.69241552352905,23.380221593379975,100.07263711690902
X11,50.08050203323364,49.742617630958556,99.8231196641922
X466,55.77282361984253,43.02545680999756,98.79828042984008
X465,72.00377569198608,25.83327862024307,97.83705431222916
X579,25.105701971054078,72.3123262166977,97.41802818775177
X608,61.82708582878113,34.252159929275514,96.07924575805664
X751,44.49095220565796,50.71562796216458,95.20658016782255
X976,16.96532392501831,77.74065854549409,94.7059824705124
X399,71.17193236351014,23.196042013168334,94.36797437667848
X761,48.86344385147095,44.659643936157224,93.52308778762817
X266,34.209507775306705,58.95553362369537,93.16504139900208
X752,43.7811363697052,49.23554810285568,93.01668447256088
X977,18.411426067352295,73.71074573993683,92.12217180728912
X123,48.36307208538055,42.874320435523984,91.23739252090454
X261,47.759084129333495,43.39812661409378,91.15721074342727
X628,58.05774636268616,33.069070029258725,91.12681639194489
X746,41.997886180877686,49.075109261274335,91.07299544215202
X775,52.22252788543701,38.84419208467007,91.06671997010707
X747,59.82444381713867,30.75515846014023,90.5796022772789
X47,42.195775747299194,47.551058515906334,89.74683426320553
X724,55.37948966026306,33.32714864015579,88.70663830041886
X317,53.19834175109863,35.48553501367569,88.68387676477431
X788,26.63255195617676,61.84071959517896,88.47327155135572
X779,36.12275390625,51.705419921875,87.82817382812499
X81,55.961617946624756,31.762213015556334,87.7238309621811
X411,29.127965927124023,58.49691233634949,87.6248782634735
X1042,37.69433784484863,49.52489821910858,87.21923606395721
X392,25.926212072372437,59.76058993339539,85.68680200576782
X1079,30.294055700302124,55.03117431551218,85.3252300158143
X20,42.47373814582825,42.39020218849182,84.86394033432006
X82,50.40156421661377,33.266685211658476,83.66824942827225
X932,28.376055860519408,54.740658450126645,83.11671431064605
X819,48.93127574920654,34.030422115325926,82.96169786453247
X931,48.01202840805054,34.93032402992249,82.94235243797303
X406,30.06793212890625,52.00290012359619,82.07083225250244
X320,34.049984097480774,47.67637609243393,81.7263601899147
X910,55.64915208816528,26.07676718235016,81.72591927051545
X991,8.123163986206055,73.44716863632202,81.57033262252807
X130,47.90910563468933,33.542730927467346,81.45183656215667
X70,34.59087381362915,46.16617772579193,80.75705153942108
X389,38.75171604156494,41.91330599784851,80.66502203941346
X805,36.96613368988037,43.5803444981575,80.54647818803787
X195,36.349777936935425,43.87851411104202,80.22829204797745
X116,40.344779551029205,39.618914413452146,79.96369396448135
X903,40.92971401214599,38.628498005867,79.558212018013
X344,8.369945907592774,70.98992500305175,79.35987091064453
X480,41.359182071685794,37.98847141265869,79.34765348434448
X820,38.008089542388916,41.0587878704071,79.06687741279602
X780,35.495755958557126,43.06675245761871,78.56250841617583
X749,38.58973407745361,39.773378419876096,78.36311249732971
X408,50.663162040710446,27.392983770370485,78.05614581108094
X274,58.35874028205872,19.397658038139344,77.75639832019806
X745,46.101141929626465,30.398470437526704,76.49961236715316
X884,57.690642261505126,18.691772532463073,76.3824147939682
X12,44.193563747406,31.652489507198332,75.84605325460433
X71,33.66539993286133,42.07586554288864,75.74126547574997
X497,17.930834197998045,57.64774997234345,75.57858417034149
X748,24.770765686035155,50.13797845784575,74.90874414388091
X637,40.278140258789065,34.18311586380005,74.4612561225891
X798,22.046502113342285,52.4087162733078,74.45521838665009
X62,37.329860019683835,37.11432534456253,74.44418536424637
X759,38.75932211875916,34.49423017501831,73.25355229377746
X885,31.185333776474,40.94097843170166,72.12631220817566
X791,38.48041820526123,33.28665996491909,71.76707817018033
X35,44.538782596588135,26.25581133365631,70.79459393024445
X22,32.17314805984497,38.23200163841248,70.40514969825745
X882,43.40936951637268,26.954619789123534,70.3639893054962
X38,34.360552072525024,35.98413874208927,70.3446908146143
X308,32.992638206481935,37.23318744897843,70.22582565546037
X319,36.84518394470215,33.075574612617494,69.92075855731964
X825,31.938359928131103,37.5596919298172,69.4980518579483
X585,45.654833507537845,22.64871199131012,68.30354549884797
X758,27.101654148101808,39.52355380058289,66.6252079486847
X823,30.93955616950989,35.068641817569734,66.00819798707963
X336,39.57443780899048,25.53448829650879,65.10892610549928
X799,18.56624230146408,46.212604069709776,64.77884637117386
X285,31.66539363861084,32.351951196976,64.01734483558684
X390,47.18749189376831,16.64391212463379,63.8314040184021
X760,40.00364589691162,23.74833995103836,63.75198584794998
X952,24.12735586166382,38.91734602451324,63.044701886177066
X845,36.487617874145506,26.357890248298645,62.84550812244415
X395,26.583145809173583,35.514967751502994,62.09811356067658
X983,53.56895980834961,8.170173978805542,61.739133787155154
X7,26.549454021453858,35.07371597290039,61.62316999435424
X213,28.256490230560303,32.60659418106079,60.863084411621095
X822,19.934136295318602,40.77944192886353,60.71357822418213
X1081,33.69102582931519,26.882180047035217,60.5732058763504
X979,43.37712392807007,16.188853931427,59.56597785949707
X21,35.03961048126221,23.366879844665526,58.406490325927734
X846,23.33952579498291,34.958775758743286,58.2983015537262
X650,17.821479892730714,40.36222994327545,58.183709836006166
X150,20.418032073974608,37.74710376262665,58.16513583660126
X762,35.8971622467041,22.19818643927574,58.09534868597984
X814,22.64259204864502,34.73692021965981,57.37951226830483
X180,24.091168212890626,33.09171822071075,57.18288643360138
X790,45.045963764190674,11.910706108808517,56.95666987299919
X764,36.38323402404785,19.10372836589813,55.48696238994599
X643,28.881374073028564,26.56118392944336,55.44255800247193
X801,21.104545879364014,34.327688217163086,55.4322340965271
X104,42.59866762161255,12.821152475476264,55.41982009708882
X429,21.4752140045166,31.785723900794984,53.260937905311586
X809,24.849121856689454,28.194172310829163,53.04329416751862
X922,43.503554344177246,9.210421919822693,52.71397626399994
X651,36.97637186050415,15.139299893379212,52.11567175388336
X6,26.57193193435669,25.38310205936432,51.95503399372101
X767,12.00429391860962,39.88968263268471,51.89397655129433
X737,28.457904243469237,23.39317605495453,51.85108029842377
X994,35.63354606628418,15.165308511257171,50.798854577541356
X14,20.011382007598876,30.065761756896972,50.077143764495844
X796,21.89937381744385,27.7084018945694,49.60777571201325
X794,14.815799999237061,32.94073038101196,47.75653038024902
X431,35.09656991958618,12.185694026947022,47.282263946533206
X765,22.46437797546387,24.27154985666275,46.73592783212662
X883,20.824945831298827,25.82993588447571,46.654881715774536
X951,35.4722599029541,10.869670009613037,46.34192991256714
X848,20.927444076538087,24.1468759059906,45.07431998252869
X393,21.540629959106447,22.456713914871216,43.99734387397766
X766,8.382424068450927,35.07144105434418,43.45386512279511
X795,22.922077894210815,20.493999981880187,43.416077876091
X646,18.485531902313234,24.73802387714386,43.223555779457094
X986,21.278969955444335,19.811751353740693,41.09072130918503
X792,18.347163915634155,21.58712468445301,39.934288600087164
X275,5.039053916931152,34.67943799495697,39.71849191188812
X1045,17.614666080474855,22.033791875839235,39.64845795631409
X967,19.141269969940186,19.947793889045716,39.0890638589859
X642,23.097892332077027,15.809141647815704,38.90703397989273
X935,16.064499855041504,22.62278187274933,38.68728172779083
X346,18.458731842041015,20.11697260141373,38.57570444345474
X1080,9.602725934982299,28.89976886510849,38.50249480009079
X720,26.72481002807617,11.35624189376831,38.08105192184448
X639,15.483717727661134,22.399596095085144,37.883313822746274
X428,11.046073865890502,26.103139138221742,37.14921300411224
X928,13.329075908660888,23.246911907196044,36.575987815856934
X797,18.22607202529907,17.886792016029357,36.11286404132843
X929,27.823015880584716,8.246306014060973,36.06932189464569
X847,16.141813850402833,19.25386486053467,35.3956787109375
X495,22.17462615966797,12.448139822483062,34.62276598215103
X939,7.093527889251709,27.235893964767456,34.32942185401917
X105,16.037697982788085,17.595128464698792,33.63282644748688
X975,16.128573989868165,16.476008009910583,32.604581999778745
X984,19.721616101264953,12.343222624063491,32.06483872532844
X388,25.449281883239745,5.8963919401168825,31.345673823356627
X988,16.251650047302245,14.958635878562927,31.210285925865172
X112,16.685083961486818,13.70022257566452,30.385306537151337
X992,15.998634099960327,13.652351331710815,29.650985431671142
X930,8.521379852294922,19.884999895095824,28.406379747390744
X640,15.117266178131104,12.909382033348084,28.026648211479188
X647,18.156998252868654,9.540201926231385,27.697200179100037
X348,9.770325851440429,17.865060138702393,27.635385990142822
X958,25.92097587585449,1.267804002761841,27.188779878616334
X365,18.019600105285644,8.598062014579773,26.617662119865415
X938,17.939703941345215,8.19969801902771,26.139401960372926
X987,23.900324058532714,0.7360740184783936,24.63639807701111
X962,18.03723564147949,5.607845973968506,23.645081615447996
X993,8.52701997756958,14.54938600063324,23.07640597820282
X985,14.496481800079346,8.475537776947021,22.972019577026366
X332,15.71186809539795,6.950343811511994,22.662211906909945
X941,5.425401973724365,16.892810010910033,22.3182119846344
X335,12.76503791809082,8.28918194770813,21.05421986579895
X430,13.709051895141602,7.166448044776916,20.87549993991852
X498,15.639890003204346,4.763320064544677,20.403210067749022
X956,6.181704044342041,13.836127853393554,20.017831897735597
X917,8.996483993530273,10.943645930290222,19.940129923820493
X963,18.136789894104005,1.6209219455718995,19.757711839675906
X965,13.722143936157227,4.188155961036682,17.91029989719391
X940,7.1302179336547855,10.125026035308839,17.255243968963626
X425,5.543459892272949,11.6549320936203,17.19839198589325
X379,9.385574054718017,7.49188597202301,16.877460026741026
X981,9.071060180664062,7.553442096710205,16.62450227737427
X435,8.857372093200684,7.693619668483734,16.55099176168442
X548,12.443480205535888,3.9485080003738404,16.39198820590973
X949,11.186635971069336,4.642293953895569,15.828929924964905
X980,6.538100051879883,9.271924042701722,15.810024094581603
X944,9.031380081176758,6.7477339744567875,15.779114055633546
X937,8.15820026397705,7.398853969573975,15.557054233551025
X968,3.9540618896484374,11.154082036018371,15.108143925666809
X960,11.178796005249023,3.865790033340454,15.044586038589477
X989,10.712643814086913,4.311709976196289,15.024353790283202
X912,6.198804092407227,8.264486122131348,14.463290214538574
X936,2.3948180198669435,12.024681997299194,14.419500017166136
X990,4.394519996643067,9.868834161758423,14.26335415840149
X920,8.281040000915528,5.64200005531311,13.923040056228638
X432,2.2429339408874513,11.342074084281922,13.585008025169373
X111,7.749831962585449,5.743011999130249,13.492843961715698
X959,8.52227611541748,4.910625982284546,13.432902097702026
X943,7.27104377746582,5.624683952331543,12.895727729797363
X434,6.403459930419922,6.078727066516876,12.482186996936798
X580_missing,11.599920082092286,0.7498139858245849,12.34973406791687
X387,5.3782319068908695,6.857011985778809,12.23524389266968
X918,5.847547817230224,5.9284419298171995,11.775989747047424
X924,8.77032413482666,2.828988587856293,11.599312722682953
X926,4.20105209350586,7.379763984680176,11.580816078186036
X923,11.550319862365722,0.0,11.550319862365722
X972,7.870079803466797,3.5642779588699343,11.434357762336731
X916,2.7056400299072267,8.558624677360058,11.264264707267284
X978,1.1368359565734862,9.623286056518555,10.760122013092042
X473,9.566500091552735,1.1137080192565918,10.680208110809327
X966,8.406122207641602,2.239843988418579,10.645966196060181
X386,6.041390037536621,4.493012022972107,10.534402060508729
X942,3.2078020095825197,7.177487993240357,10.385290002822877
X496,5.46355791091919,3.833758020401001,9.29731593132019
X373,6.721380043029785,2.454890012741089,9.176270055770875
X927,3.8840139389038084,5.2862220287323,9.170235967636108
X364,8.69165210723877,0.47318201065063475,9.164834117889406
X913,5.480344009399414,3.3157000064849855,8.7960440158844
X961,0.0,8.765553998947144,8.765553998947144
X950,4.497478103637695,4.1438260793685915,8.641304183006287
X611,0.0,7.863944029808044,7.863944029808044
X971,1.9389400482177734,5.798967444896698,7.737907493114472
X914,1.3700320243835449,6.348484015464782,7.7185160398483275
X645,1.4729900360107422,5.883453989028931,7.356444025039673
X947,5.651940155029297,1.3979619503021241,7.049902105331421
X970,2.542239952087402,4.325346064567566,6.867586016654968
X964,4.430299949645996,2.4236298203468323,6.8539297699928285
X948,0.0,6.795941996574402,6.795941996574402
X589_missing,3.9980140686035157,2.1907700300216675,6.188784098625183
X919,5.249139976501465,0.7900059938430786,6.039145970344544
X969,2.5566600799560546,3.0684394001960755,5.62509948015213
X915,1.9314800262451173,3.6605520248413086,5.592032051086425
X590_missing,5.525559997558593,0.0,5.525559997558593
X385,0.0,5.352170014381409,5.352170014381409
X925,0.0,5.327262365818024,5.327262365818024
X302,2.7252599716186525,2.58842396736145,5.313683938980103
X433,2.2108999252319337,2.845982003211975,5.056881928443909
X586_missing,4.093620109558105,0.8886280059814453,4.982248115539551
X366,4.731760025024414,0.0,4.731760025024414
X514,4.467535972595215,0.0,4.467535972595215
X367,0.0,3.924280047416687,3.924280047416687
X472,2.421540069580078,1.2659460067749024,3.6874860763549804
X369,1.7455499649047852,1.614885973930359,3.360435938835144
X578_missing,2.3977800369262696,0.6481900215148926,3.045970058441162
X588_missing,2.9542999267578125,0.0,2.9542999267578125
X594_missing,2.6047000885009766,0.0,2.6047000885009766
X516,2.4827199935913087,0.0,2.4827199935913087
X636,1.9904020309448243,0.0,1.9904020309448243
X957,0.0,1.8433599472045898,1.8433599472045898
X945,1.65173397064209,0.0,1.65173397064209
X368,0.0,1.064567995071411,1.064567995071411
X946,0.0,1.005947971343994,1.005947971343994
X471,0.0,0.9604220390319824,0.9604220390319824
X474,0.0,0.44917798042297363,0.44917798042297363
X1082,0.0,0.0,0.0
X476,0.0,0.0,0.0
X384,0.0,0.0,0.0
X372,0.0,0.0,0.0
X374,0.0,0.0,0.0
X512,0.0,0.0,0.0
X477,0.0,0.0,0.0
X375,0.0,0.0,0.0
X470,0.0,0.0,0.0
X921,0.0,0.0,0.0
X954,0.0,0.0,0.0
X933,0.0,0.0,0.0
X469,0.0,0.0,0.0
X587_missing,0.0,0.0,0.0
X996,0.0,0.0,0.0
X467,0.0,0.0,0.0
X468,0.0,0.0,0.0
X727_missing,0.0,0.0,0.0
