feature,psi
X948,0.006076136423596771
X594,0.004404933723644207
X1014,0.003443254563638742
X1042,0.003167638386460023
X873,0.0031489748961937548
X727,0.003085495654786453
X910,0.0030288912392736063
X881,0.003025447576365239
X726,0.0030058582966333925
X810,0.0030035841107373777
X587,0.0029991143648300453
X1077,0.0029794771656018555
X408,0.0029107930028522866
X928,0.002857636991103411
X804,0.002831040374540511
X292,0.002815868684198632
X577,0.00281105081785245
X734,0.002760250024895907
X1005,0.0027495160317103614
X754,0.002746402632794357
X880,0.0027178400859171887
X308,0.0026821521919972806
X868,0.002679976107023009
X75,0.0026640118484321886
X319,0.0026627783214402496
X409,0.002649771413422727
X805,0.0026201788583197216
X318,0.002606588100891326
X830,0.0025745073790756716
X998,0.002564806841040359
X865,0.002532950305052284
X346,0.0024572663668993
X485,0.00242736446774321
X803,0.002425873665148199
X814,0.0023856506222190306
X891,0.002384388358695971
X483,0.002370946016629971
X557,0.0023644437356726247
X1017,0.0023560887301257026
X1075,0.002342212046176284
X67,0.0023339523588012208
X995,0.0023236891316727004
X573,0.0023179667072077046
X466,0.0023048006714517094
X550,0.002301994542725256
X825,0.002301383668411354
X799,0.002264359560202617
X802,0.0022639731780576813
X649,0.0022465123054823707
X932,0.002234138041545496
X177,0.002225062163542823
X761,0.002215390461639289
X20,0.0021929137485394833
X798,0.002190257826209309
X723,0.002188012795060664
X361,0.0021823315631509517
X27,0.0021749326265669672
X773,0.002161965448099343
X738,0.0021585727043098484
X41,0.002144288759236612
X973,0.002137128910985417
X808,0.0021271993956204754
X62,0.002090217299032491
X74,0.002087350431657101
X837,0.002076787824354677
X909,0.0020742748404134906
X243,0.0020693837846378627
X77,0.00206900376300393
X1066,0.0020457641579155763
X824,0.002040707330808997
X187,0.0020404061854003377
X719,0.0020373668553260523
X690,0.0020358342650555563
X14,0.0020322275104556428
X1029,0.002018526189252213
X905,0.0020182554084591533
X588,0.002012090843375236
X632,0.0020005629380635496
X314,0.0019775054237961835
X411,0.0019588564432752647
X275,0.0019575497511559233
X197,0.0019574182699875382
X1083,0.001956536136534097
X18,0.001951399661468213
X1008,0.001940940511544768
X85,0.0019398434063808796
X40,0.0019337642136870673
X70,0.0019283415642243735
X951,0.0019164688390581415
X768,0.00190730253308507
X809,0.0019024237426294572
X791,0.001891716949775662
X1013,0.001875479212730289
X749,0.001872556227680775
X48,0.0018653140035319589
X80,0.001861992536175414
X1016,0.0018590289093190439
X1071,0.0018529390417214805
X759,0.00184202899022348
X69,0.0018402974064599608
X1064,0.0018373757190189863
X993,0.001825004134978758
X1049,0.0018111482237972841
X929,0.0018080782539408515
X769,0.0018071057442189233
X650,0.00179715281888276
X21,0.0017961732061163047
X57,0.001793118508851512
X586,0.001774456524018938
X266,0.0017722069334781085
X811,0.0017512102407207062
X585,0.0017260797402778058
X887,0.0017036624774426714
X765,0.0016974696986794607
X486,0.001695919063111994
X898,0.0016932480574501348
X974,0.0016905412620610706
X818,0.0016874286824056512
X415,0.0016838918255560095
X12,0.0016834700518267897
X670,0.001682295331065681
X845,0.0016812198872644946
X800,0.0016811138733070273
X112,0.001680659254664798
X11,0.001679827726390951
X979,0.0016716714125918875
X748,0.001666419851348215
X240,0.001651997780277664
X1030,0.0016381821730022403
X972,0.0016298880275197089
X56,0.001625581726532683
X856,0.0016240665591778494
X36,0.0016227567021422247
X739,0.0016220938397265607
X128,0.0016121614291564504
X733,0.001610213341328538
X835,0.0016091899233890686
X549,0.0016061970416625
X730,0.00160575174952022
X820,0.0015949900245763142
X22,0.0015932861669132974
X484,0.0015867407523843498
X255,0.0015800285074631052
X396,0.0015778608078240875
X784,0.0015676478530981704
X202,0.0015602646906523459
X930,0.0015540618444753321
X397,0.0015510428443107054
X903,0.001547332983804868
X874,0.0015393376280594235
X668,0.0015326829354642812
X767,0.0015246554953578311
X783,0.0015233079074998882
X1070,0.0015232750200970073
X7,0.0015176660069167545
X882,0.0015170541425246343
X111,0.001515180385390996
X870,0.0015137833184117328
X792,0.0015131504582497606
X994,0.001510169908292067
X747,0.0015095810287831118
X73,0.0015078811365139319
X79,0.0015076816547721652
X724,0.001504035765869421
X1032,0.00150338920448912
X813,0.0015032547130308608
X718,0.0015013539455534326
X846,0.0015004271040117826
X867,0.0014891203179530996
X120,0.0014889032419498165
X637,0.001485967551314557
X857,0.0014839206017117433
X682,0.0014835807040923935
X652,0.0014820865051813122
X1015,0.0014811180049446185
X991,0.001477807391885871
X129,0.0014654220643517384
X982,0.001460458124465713
X55,0.0014556171955472568
X807,0.0014552070755569097
X576,0.0014542703162996574
X200,0.0014501911976869146
X812,0.0014458737272585143
X952,0.0014429845806537534
X829,0.0014428100150020195
X145,0.0014368161454512518
X65,0.0014325031101324651
X889,0.0014323532000520864
X878,0.001430908797188766
X970,0.0014248481852138465
X405,0.0014173645463895648
X189,0.0014086997103728827
X764,0.00140661884258485
X54,0.0014065394837971437
X578,0.0014064498042744952
X639,0.001406443732076277
X1002,0.001401190793391502
X571,0.0013994507718771518
X261,0.0013993542386401946
X886,0.0013993433806960512
X1076,0.0013911881928492203
X833,0.0013878348263599272
X828,0.0013842465674387436
X563,0.001379447011426681
X925,0.0013763347651609605
X1079,0.0013756782138771122
X788,0.0013621860148656962
X745,0.0013567519265594583
X592,0.0013562310292777019
X931,0.0013559761982830287
X82,0.0013469586294516996
X628,0.0013450889962233763
X755,0.0013436942429264093
X916,0.0013375459179755032
X560,0.0013355283322330981
X926,0.0013353435415184066
X336,0.0013341183676863371
X885,0.0013311481394869386
X392,0.001330889566179437
X174,0.001330493481413527
X840,0.0013265445709332087
X403,0.0013224632736052943
X431,0.0013174625808718592
X295,0.0013163621158248206
X735,0.0013070709588791922
X660,0.0013051839343092805
X775,0.0012985352937844963
X271,0.0012965735862235143
X665,0.0012932376462337638
X1033,0.0012908678084221404
X1031,0.0012900146630478696
X785,0.0012891974838776209
X579,0.0012748834794482806
X19,0.0012727858698851466
X826,0.001272370359714395
X999,0.001272104857709137
X480,0.0012716647902677874
X689,0.0012617414052578473
X855,0.001259664502837625
X42,0.0012555934026654693
X750,0.0012551537129059764
X1007,0.0012499024069848577
X572,0.0012452438072068496
X969,0.0012449860171675963
X753,0.0012447716065341113
X883,0.0012428987961712035
X1085,0.0012297965868163015
X482,0.0012252246336967043
X911,0.0012232812509972637
X752,0.0012229618576089544
X844,0.001221672942890971
X590,0.0012206945541141936
X342,0.001216679226792421
X561,0.001216403483413549
X836,0.0012146243066479853
X667,0.0012128338865057956
X28,0.0012110214855110594
X29,0.001207626922678626
X822,0.001201972940895224
X854,0.0011984315095594996
X66,0.0011961340363810986
X884,0.0011926287861955237
X863,0.001184086134622642
X976,0.001181646031759825
X838,0.0011779254742019308
X330,0.0011763732813716372
X904,0.0011682156272966257
X110,0.0011674715141480347
X160,0.0011627523386267841
X850,0.0011627164161999535
X744,0.0011606371522512604
X797,0.0011602784202728532
X1011,0.0011589819649089658
X601,0.0011516249296325306
X214,0.0011498300916395364
X121,0.0011492445345140181
X606,0.0011485943683426799
X400,0.0011485359200950774
X751,0.001146234798546682
X944,0.0011443580602368227
X209,0.0011425191673570417
X570,0.0011306885732022432
X83,0.0011293413938607273
X465,0.0011284944312929676
X355,0.0011256418365181394
X793,0.0011249873371582952
X293,0.0011200542464146089
X613,0.0011189679394801983
X853,0.0011123018364914703
X210,0.0011085190193637707
X155,0.0011081711664946046
X78,0.0011076499518002862
X203,0.0011014676992227258
X589,0.0011013215398259705
X895,0.0011008440525972145
X47,0.0010983553841107936
X1060,0.001093705705376452
X81,0.0010909923530432017
X389,0.0010821425350451346
X795,0.0010800991244397135
X399,0.0010752136573990393
X63,0.0010598352767093979
X722,0.0010560854387985782
X165,0.0010558073424662565
X806,0.0010496946909570887
X5,0.0010422966453115653
X395,0.0010382736386247544
X901,0.0010377336836413906
X1001,0.0010360085292832127
X154,0.0010338731938321277
X834,0.001032138903307931
X59,0.0010296477588398456
X385,0.0010291534509981387
X664,0.00102818685816285
X875,0.00102247436123675
X678,0.0010215419562623165
X380,0.0010207385883849419
X779,0.001017953004935731
X393,0.001012922964474677
X983,0.0010119270811162662
X95,0.0010050830528494522
X562,0.000999182888137464
X117,0.000997851587774298
X193,0.0009959697377130532
X819,0.0009949886908701719
X1044,0.000993437043280004
X195,0.0009866339313801048
X782,0.0009801250780691229
X801,0.0009767626555516778
X832,0.000975291849050275
X852,0.000972713065560334
X76,0.0009707059898969812
X921,0.0009689419540033091
X815,0.0009684047394834571
X260,0.000968135393448867
X851,0.0009649116232120775
X914,0.0009614326559026173
X643,0.0009585076048520021
X978,0.0009557405077479958
X1081,0.0009346881498289299
X116,0.0009320878887093641
X24,0.0009319095515976624
X966,0.0009264570580195886
X429,0.0009255865693312186
X58,0.0009253836334059494
X935,0.0009249471525861624
X644,0.0009215760195930966
X285,0.0009204414778607625
X34,0.0009203905461509525
X481,0.0009202491056871624
X60,0.0009127676028824984
X207,0.0009080821628505132
X938,0.0009064854710640035
X6,0.0009018001193480424
X46,0.0009001556423374303
X53,0.0008969609234025925
X581,0.0008948803965820944
X150,0.0008930378220123784
X580,0.0008891889342082355
X274,0.0008862834287756464
X1004,0.0008860867757077708
X190,0.000881955548737929
X980,0.0008734145925997126
X860,0.000873099891990824
X790,0.0008709656302468408
X780,0.0008653968616034811
X841,0.0008629554713215806
X38,0.0008603463402567629
X831,0.0008418991361752695
X583,0.0008351277281228804
X888,0.0008317948831178288
X302,0.0008311637853369408
X651,0.0008279120526960477
X340,0.0008240114903911182
X391,0.0008190282814368806
X732,0.0008167688882427011
X113,0.0008113455436913094
X766,0.0007991582339725528
X984,0.000796050567485351
X890,0.0007935312943827528
X661,0.000789184646282104
X435,0.0007881142097693505
X388,0.0007852389967462317
X894,0.0007850663407063636
X35,0.0007831731076320959
X842,0.0007821748165738364
X348,0.000781892064783365
X104,0.0007798232097682849
X130,0.0007789149084218172
X843,0.0007786406344378404
X1000,0.000773491020177805
X956,0.000763311668884364
X269,0.000760014283204122
X746,0.0007533096885247011
X1058,0.000748831252265883
X335,0.0007443048299984765
X989,0.0007377686486792426
X721,0.0007364235799560621
X962,0.0007259696203555811
X893,0.0007251646660861924
X669,0.0007223077207993255
X892,0.0007219446597366648
X574,0.000721639473905829
X267,0.0007180647236984511
X264,0.0007148894798783354
X641,0.0007138703898892793
X418,0.000710831435205912
X122,0.0007085438821975687
X927,0.0007070899557561737
X877,0.0007069353163514886
X337,0.0007037384608784482
X332,0.0007004171455966577
X166,0.0007001507409066817
X146,0.0006806751603870038
X376,0.0006786176439153805
X582,0.0006769178664429744
X915,0.0006683492426572663
X294,0.0006663074242310156
X943,0.0006633587517312812
X997,0.0006603252595482646
X123,0.0006460641238307008
X126,0.0006453482743795139
X213,0.0006413746284154039
X398,0.0006359352877713758
X975,0.0006323384956327075
X645,0.000624066214537927
X173,0.0006208730260210849
X817,0.0006203699388696396
X45,0.0006150979738796806
X713,0.0006146782085742538
X1068,0.0006102957607895948
X305,0.0006074493585719767
X1018,0.0006044976799800016
X720,0.0006044752732280274
X988,0.0005992494888014973
X758,0.0005960537028941302
X394,0.0005924244731918336
X548,0.0005868880038839505
X760,0.0005829527266564842
X965,0.0005827003926942185
X184,0.0005802763122995778
X495,0.0005656682081028134
X390,0.0005578250052240616
X823,0.0005574517260000997
X1006,0.0005561065459965829
X958,0.0005551975869236365
X936,0.0005432015036323114
X71,0.0005396099402361929
X737,0.0005335870938495676
X161,0.0005310191253125025
X379,0.0005274272402956614
X794,0.000526296567158253
X61,0.0005245124583370355
X796,0.0005223225385259195
X848,0.0005171544524708556
X647,0.0005168038024261385
X839,0.0005167209591930123
X1012,0.0005126375377541452
X320,0.0005122266000923625
X917,0.0005074092889416089
X406,0.0004843956248879559
X1063,0.0004720826177825936
X731,0.00046754391492164865
X16,0.00046234334019993207
X611,0.00046070180345317605
X479,0.0004599622627979652
X959,0.0004582811905172413
X425,0.0004561378710950366
X105,0.00045245765843017374
X816,0.00045138624556849004
X584,0.00044930361319605596
X968,0.00044704737057180935
X961,0.0004464169555061106
X498,0.00044459414110596337
X1045,0.00044415962280369584
X849,0.0004405110938305397
X990,0.0004377489533912694
X977,0.00043390704207619434
X985,0.0004300058906110836
X496,0.00042953847560637897
X474,0.00042027575818501906
X317,0.00041862927892716495
X180,0.0004107511579869023
X949,0.00040894574675684974
X1059,0.00039881383897894315
X127,0.00039657986216041786
X947,0.00038992036464899165
X946,0.00038531926743361455
X933,0.00038120878191630646
X1073,0.0003791761222723113
X942,0.00037643463262464314
X64,0.00037293841050266426
X964,0.0003702616435144834
X762,0.0003681794739426226
X821,0.0003615478435638051
X608,0.0003593076397810658
X847,0.00035053048495168313
X996,0.00034649754804576917
X344,0.000341415826609787
X1003,0.00033416021797597745
X191,0.0003299048325108785
X763,0.0003231203651249171
X428,0.0003202795660623079
X432,0.0003145458082756913
X967,0.00029326352360534
X913,0.00028887878042313113
X945,0.0002780648411403234
X941,0.0002741804024171472
X433,0.00027188782831094626
X369,0.000270097579316259
X473,0.0002681673282863518
X1080,0.0002587632154165231
X434,0.00025235965999096283
X992,0.00024687831270028273
X986,0.00024360596456024985
X971,0.00023339849861070053
X646,0.00022134073602776173
X467,0.00020864045432692345
X642,0.0002043055957820917
X497,0.00018906863493031576
X918,0.00018686391614366451
X640,0.00018485823765474984
X950,0.00018430865154400353
X939,0.00017815211945994307
X960,0.0001673891180526011
X912,0.00016411997350023014
X919,0.00015985560110590695
X963,0.00015255512362773226
X940,0.0001341405328408917
X924,0.00012867187190808194
X430,0.00012345437468768935
X957,0.00012019655569543732
X367,0.00011911540894395316
X954,0.00011040042357126042
X386,0.00010235921434585475
X981,0.0001017274051472507
X472,0.00010149883056166532
X387,9.892605769707622e-05
X476,8.396195735720343e-05
X937,5.309458125557044e-05
X468,5.130738812416678e-05
X920,4.973400246269876e-05
X923,4.3730299856923955e-05
X365,4.338150694952188e-05
X987,4.251704065175119e-05
X364,3.25767392705485e-05
X477,1.0967657167079069e-05
X471,8.928841668638373e-06
X922,3.3780692980981576e-07
X373,5.2647624468347613e-08
X1082,0.0
X636,0.0
X595,0.0
X514,0.0
X516,0.0
X512,0.0
X469,0.0
X470,0.0
X368,0.0
X375,0.0
X384,0.0
X366,0.0
X374,0.0
X372,0.0
