feature,cohens_d,p_value,mean_risk,mean_norm,n_risk,n_norm
X739,0.9881229201144992,6.577253882651158e-226,-353.62595419847327,-401.3138783932256,1310,24937
X769,0.9847543792420201,2.9141741934393237e-213,-282.82442748091603,-322.6796098293003,1310,24937
X773,0.9834729510062641,1.7060716493561956e-185,1698.0992366412213,1621.3919929254764,1310,24937
X839,-0.9591754347022541,2.838442554109965e-174,1335.2442748091603,1428.8897821368278,1310,24937
X734,0.9542843244753197,8.806740785408633e-197,-1130.4885496183206,-1223.239006350993,1310,24937
X344,-0.9491485530679292,4.941277374597063e-198,5.209351145038168,5.669145429696921,1310,24937
X844,-0.9076012413864746,1.8225232491172614e-222,389.5267175572519,447.80850550687353,1310,24937
X744,0.904072571627581,2.977446743463059e-206,80.80916030534351,-23.64337969290136,1310,24937
X837,-0.8931392061247749,5.060700827235496e-103,285.3893129770992,346.0102634188172,1310,24937
X881,-0.8880973999872284,3.411001005439316e-226,394.98473282442745,443.9646809764986,1310,24937
X748,0.8671209966255488,1.4886701821538697e-136,248.25954198473283,185.36015756893642,1310,24937
X843,-0.8443834358366447,3.479007376394876e-103,134.8091603053435,200.0108529624568,1310,24937
X870,0.8428309147384668,5.9358035013583576e-154,540.6870229007634,449.95457834231047,1310,24937
X761,0.841390857574044,1.966396704833514e-161,294.0763358778626,237.7232896535091,1310,24937
X749,0.8306530098918253,1.6454828520301463e-147,289.2290076335878,222.9708979821529,1310,24937
X791,0.8252104886095941,1.0546189416986953e-153,1867.2213740458014,1822.2232494573518,1310,24937
X342,-0.8249768554974307,6.490883984789492e-123,6.862786259541985,7.471500924511616,1310,24937
X746,0.8081687824057947,1.5100011826066416e-115,194.8320610687023,136.23763968164644,1310,24937
X780,0.804569046031685,1.8459652266226408e-110,1793.0381679389313,1743.1819278077016,1310,24937
X747,0.7996837910165232,1.4307800958204444e-109,200.0763358778626,142.96245678913095,1310,24937
X750,0.7937462653110401,1.0415978586815528e-122,292.4732824427481,227.4869362488946,1310,24937
X779,0.7888660430099792,1.1543579031416632e-135,1814.2519083969466,1764.4846852640887,1310,24937
X775,0.7698251717817032,4.3822635004615954e-104,1684.8702290076335,1636.580914864539,1310,24937
X1085,0.7653476651962616,2.0190537127317063e-162,15633.859923664122,15202.160684138596,1310,24937
X874,-0.7533594073948363,1.0870262625413302e-88,319.09923664122135,361.4623362006592,1310,24937
X788,0.7506524945875864,1.991442041916958e-133,1700.2137404580153,1652.7888093898223,1310,24937
X355,-0.7453598468134461,6.063193795365311e-120,232.0763358778626,233.67021062786398,1310,24937
X751,0.7409232632484567,2.884240428549844e-95,294.8473282442748,242.11512179435647,1310,24937
X745,0.7360721181073091,7.31317876135907e-95,124.70229007633588,70.07597073719752,1310,24937
X880,-0.7349434841223492,2.4975526614754314e-89,188.31297709923663,240.7283543693223,1310,24937
X399,-0.7277135058308856,8.666324121663794e-87,7.616603053435115,8.158071388375271,1310,24937
X842,0.7205538629768529,1.3307064799243336e-108,-478.17557251908397,-557.1786317228073,1310,24937
X340,-0.7164445613374711,1.5717627600237277e-126,7.255916030534351,7.751607846289895,1310,24937
X909,0.7115571235284224,1.4760397183834724e-109,1555.679389312977,1491.4378165447383,1310,24937
X346,-0.70993334822813,1.1907186766061175e-129,4.0368320610687025,4.33844159498352,1310,24937
X974,0.6976230084831511,7.713555613843085e-142,-2261.946564885496,-2294.0654393439986,1310,24937
X415,-0.6902832014319008,6.973826240368717e-116,17.440458015267176,18.37145268912292,1310,24937
X790,0.6870466107243004,8.235945139261944e-117,1907.1221374045801,1872.8290055470698,1310,24937
X348,-0.6708938565441878,2.4570336183736095e-141,3.007824427480916,3.305812364337969,1310,24937
X985,0.6703353731022907,1.5608846640383314e-115,1368.9541984732825,1360.0839295763326,1310,24937
X979,0.6701213682299091,2.582788818882958e-116,-117.62595419847328,-129.87113111986494,1310,24937
X733,0.6644539748177931,2.0522548479847871e-94,-458.0610687022901,-511.80882707613154,1310,24937
X768,0.6642517319117821,4.438936502875757e-80,-156.0763358778626,-202.5529919339711,1310,24937
X860,0.6535488023518263,4.32428315112664e-96,1396.1526717557251,1338.0332020258863,1310,24937
X792,0.6470813987159705,1.3376595544755217e-94,1997.5343511450383,1967.527132406142,1310,24937
X396,-0.6372832011153104,1.7490610953543376e-86,7.144465648854962,7.650514510812767,1310,24937
X857,0.6354855898300822,1.2549496820550894e-74,1163.206106870229,1117.7329367312484,1310,24937
X988,0.6349435341030253,3.053503208444917e-108,2132.8091603053435,2120.176139561058,1310,24937
X991,0.6336021390810677,5.505566243439136e-88,2980.022900763359,2970.5296245678915,1310,24937
X758,0.622614776786993,2.6365237495680276e-109,126.5114503816794,82.10627863976204,1310,24937
X982,0.6217003889916296,1.81493668919443e-107,577.4961832061068,566.5432912613554,1310,24937
X838,-0.612268081031504,1.6047453200254846e-101,1048.473282442748,1091.6674705898117,1310,24937
X973,0.6096014497107379,1.9560893332584352e-82,355.03206106870226,348.22027494171556,1310,24937
X588,0.6082208108087976,1.1164881358916844e-94,0.2863509060955519,0.2841852889988092,1310,24937
X398,-0.6059281983234399,7.683743230403326e-65,7.25324427480916,7.684520459844039,1310,24937
X361,0.6018167683538949,1.7032424692006503e-102,261.78320610687024,260.61918160623844,1310,24937
X397,-0.6015582830718958,1.109729201867647e-66,8.729770992366412,9.171406463542086,1310,24937
X875,-0.5954922833713815,3.351317144174683e-107,1178.5419847328244,1230.3935203794517,1310,24937
X735,-0.5912514820631366,7.947828429949826e-87,683.5419847328244,741.6886405659619,1310,24937
X983,0.5894667452513347,2.2917847199214973e-99,326.9389312977099,317.2400514510813,1310,24937
X824,-0.5886872746402125,7.30597856550881e-94,1281.7480916030534,1309.0429294959401,1310,24937
X976,0.5885635765128313,4.831659299816521e-95,-951.0152671755725,-962.3943243025967,1310,24937
X732,0.5853511061989776,1.4010473655719946e-144,156.2526717557252,133.3220516118659,1310,24937
X989,0.5767431537054888,2.898071085170142e-83,364.7175572519084,354.33491438218505,1310,24937
X856,0.5735548648839914,5.7038189442423205e-70,1094.9160305343512,1053.848380094863,1310,24937
X581,-0.5718223970147419,1.1160975014191511e-154,0.4373522900763358,0.4389792185867031,1310,24937
X886,-0.5705568180398123,5.513464423048644e-96,2566.8244274809163,2602.235308304526,1310,24937
X759,0.5648601106657257,7.982572521203838e-87,158.9083969465649,120.81959964627382,1310,24937
X738,0.5645135292695039,8.99731371196431e-79,-214.0381679389313,-265.6767693008548,1310,24937
X760,0.5510019666690776,3.300903452745432e-77,369.41984732824426,334.2945574403087,1310,24937
X731,0.5507962080507955,4.566677071693641e-82,473.162213740458,450.6172119945333,1310,24937
X583,-0.5481499838217345,8.840695770969565e-144,0.4372763358778626,0.4388241217139641,1310,24937
X389,0.544079815891708,8.838369078954657e-62,5.797900763358778,5.5151840984001925,1310,24937
X582,-0.540598549925822,5.172224379485548e-139,0.4370862595419847,0.4386000080392314,1310,24937
X817,-0.5374931835767085,2.8619923066153396e-91,1330.4274809160306,1367.7839858509526,1310,24937
X388,0.5361078537211429,1.0282911241605443e-56,4.389122137404581,4.2242041160865025,1310,24937
X783,0.5339349669509024,1.8401262199397897e-82,1735.526717557252,1702.1476806817268,1310,24937
X825,-0.5333528749124441,1.7112190708456668e-76,1305.7557251908397,1329.5220676903289,1310,24937
X782,0.5301723147652275,1.7832106574854585e-59,1786.1908396946565,1753.9983117613956,1310,24937
X271,-0.5293707905858087,1.1041665505024607e-81,22.923730916030536,22.94563258702468,1310,24937
X984,0.5261584173832049,3.3741591432026855e-67,1009.3664122137404,1001.8829487900956,1310,24937
X823,-0.5199609940872916,4.1679127342047684e-79,1271.1679389312976,1295.388696840582,1310,24937
X584,-0.5161531651107283,4.241817430830462e-124,0.4370198473282443,0.4384540557922662,1310,24937
X1049,-0.5109551920464127,5.663822565183188e-141,84638.62805343511,89891.17810917276,1310,24937
X855,0.5058362527441695,1.7616348823606045e-67,1241.5801526717557,1202.865584050165,1310,24937
X752,0.5012634691874497,2.4206368857402403e-51,262.1679389312977,222.83101535493208,1310,24937
X813,-0.4969312164517535,5.304521322716541e-90,1362.1374045801526,1397.1119061017766,1310,24937
X548,-0.49693097360236893,5.492815332151761e-58,57.03511450381679,60.033764772087785,1310,24937
X403,-0.49541172534927286,2.642464925635108e-54,3.6337786259541986,4.1170311118257095,1310,24937
X816,-0.49512363700466816,5.897467915962234e-84,1330.0,1367.1408473349948,1310,24937
X885,-0.4935796014907429,1.4456767557450744e-81,2641.2824427480914,2666.4414341988904,1310,24937
X952,-0.49010375730229255,1.6337389760723585e-56,365.68759541984736,368.72211391590963,1310,24937
X814,-0.48945193498319556,9.652758323384788e-89,1338.5648854961833,1372.5295441755768,1310,24937
X1083,-0.4875389449930154,9.21253074625478e-93,21510.054961832062,22154.37971299944,1310,24937
X863,0.4874031891958836,1.0115794585749664e-56,1030.8320610687024,981.9137390465471,1310,24937
X395,-0.4846618500292084,9.160244722946863e-67,6.761832061068702,7.129642656162071,1310,24937
X815,-0.48073877051782293,1.443362023314545e-85,1336.3969465648854,1372.0729158292468,1310,24937
X335,0.4806480674775183,1.695592979099288e-115,145.8639312977099,145.66094541361846,1310,24937
X812,-0.4735134205316252,4.399036400371037e-84,1397.5954198473282,1430.8662271886808,1310,24937
X762,0.47164824146764994,2.2231949786994454e-55,454.5419847328244,423.63694830774176,1310,24937
X753,0.46543503941402053,1.9775723153690193e-67,125.08396946564885,86.84058204035694,1310,24937
X977,0.4626358436061801,3.042538220974352e-56,388.98473282442745,381.03320202588634,1310,24937
X822,-0.4622854502885485,8.46971303195794e-68,1263.1374045801526,1284.113272771123,1310,24937
X980,0.4622489403461166,5.395959152367428e-44,350.40458015267177,342.1775062304044,1310,24937
X130,-0.4621695991976981,3.3888391946046636e-62,18.482893129770996,18.489676521424553,1310,24937
X724,-0.4611712823011137,1.3697329470381534e-60,863.5929389312977,883.4788769193665,1310,24937
X660,-0.45556808439462887,1.3105148271788787e-94,51.339368320610696,51.531929114076696,1310,24937
X884,-0.44971390438326586,3.1789587587878133e-69,2688.7480916030536,2710.386285071147,1310,24937
X561,-0.4480875384996111,3.154217253372161e-120,17.990782442748092,26.197566122678673,1310,24937
X82,0.44546301119037185,9.922745849043941e-64,3.2350335877862597,3.2332202548436375,1310,24937
X387,0.4453205269430289,2.2875051327799312e-42,4.14351145038168,4.0418743468124445,1310,24937
X887,-0.44168825251136457,1.50995179364427e-52,2443.1679389312976,2466.1496100972745,1310,24937
X811,-0.4413183673786858,4.688686099526957e-75,1435.824427480916,1468.306937856741,1310,24937
X83,0.439907992587,1.4996814759401586e-62,3.2389053435114508,3.237119684058204,1310,24937
X990,0.4393865313254765,1.5785586752502606e-75,2637.5038167938933,2631.1983278398584,1310,24937
X35,0.43903340066954444,1.7208497709700014e-58,1.1498374045801525,1.1483449232253395,1310,24937
X849,-0.4298762052396687,1.2007109292279192e-47,1229.7251908396947,1253.833105555109,1310,24937
X999,-0.4290574729466278,6.813318815796633e-44,600.2534351145039,636.6607343837929,1310,24937
X71,0.42542631940366676,1.1345880069288775e-54,0.7064938931297711,0.7048766580914866,1310,24937
X274,-0.42461027371724425,7.530337404375827e-49,18.48831679389313,18.49396645630678,1310,24937
X883,-0.4245369482522535,5.806250220042527e-61,2758.2137404580153,2777.717260229922,1310,24937
X74,0.4208935198253552,3.889898883627842e-56,1.492390076335878,1.4906783503497067,1310,24937
X70,0.41955369803859316,2.2412279350665284e-53,0.7066015267175573,0.7050090039392234,1310,24937
X632,-0.41768108513501434,2.6961668687609915e-91,2.8845419847328246,4.722164161106198,1310,24937
X818,-0.41744892391083843,2.0115842905181136e-52,1292.7480916030534,1313.0030549079509,1310,24937
X713,0.4129972803890835,3.1111388174355934e-38,2599.272709923664,2580.542658171879,1310,24937
X882,-0.4105081400880818,1.3568006153535577e-59,2751.709923664122,2770.1471179355253,1310,24937
X379,0.40935298191024194,4.592258855568621e-74,76.78454198473283,76.61729238684782,1310,24937
X723,-0.4046563801032153,7.408878704389531e-53,138.12900763358778,158.14573116810033,1310,24937
X81,0.40371986159213136,2.2776988371692405e-49,3.240859923664122,3.2394442881260552,1310,24937
X968,-0.4028839951276148,1.0548267625378557e-54,364.8625954198473,370.0881903690007,1310,24937
X809,-0.4027314552917274,1.4079999750953112e-55,1283.5954198473282,1307.6995739207332,1310,24937
X562,-0.4017862076926473,2.2909614637149033e-79,21.242356870229006,28.41669346410483,1310,24937
X380,0.4014211009333033,1.4947305812783791e-85,120.61374045801527,118.62472867593858,1310,24937
X1059,0.39786613482801525,4.190663394051036e-48,6.560496183206107,5.477500200980786,1310,24937
X69,0.3970097179684422,1.0450467501373605e-47,0.7067225190839695,0.7052745397539995,1310,24937
X47,0.3942206053230295,1.4055332663298994e-45,1.5317870229007635,1.5302444328322213,1310,24937
X55,0.39177353100621065,2.7692214700900414e-45,0.5048278625954198,0.5031961773454457,1310,24937
X848,-0.39082436618371763,1.2324316333576499e-39,1334.3740458015268,1352.0122196318032,1310,24937
X894,0.39074418330865796,7.532747280532445e-29,2432.610687022901,2408.7844682048394,1310,24937
X394,-0.38983824014302493,9.576005213883636e-45,6.205725190839694,6.47408352761476,1310,24937
X110,-0.38883852742492164,5.374515740117765e-52,0.8845461832061069,1.1037305115630947,1310,24937
X75,0.3877331698378321,3.616278315602305e-48,1.49233893129771,1.4907585215853367,1310,24937
X867,0.3834775377841517,7.614036041128791e-40,557.3206106870228,520.7548838331055,1310,24937
X54,0.38189859056655345,6.232379951815846e-44,0.5051645038167939,0.5035672280729961,1310,24937
X73,0.38016462269805473,7.07332810067622e-46,1.4906068702290078,1.4891548556957954,1310,24937
X48,0.3789234523938769,6.133899085001319e-45,0.6860984732824428,0.6847272288769194,1310,24937
X819,-0.37859658416511693,2.8937388053875417e-40,1276.6259541984732,1291.499316665327,1310,24937
X810,-0.3784683798184876,2.961135601501195e-47,1269.4045801526718,1291.051531473591,1310,24937
X465,0.371530136410534,2.480595489163667e-49,6.0700381679389315,5.600711471983279,1310,24937
X873,0.369759504896599,1.4201728608164604e-56,-297.3473282442748,-314.5325186912131,1310,24937
X80,0.36835961394101935,5.466618473563243e-40,3.2382603053435117,3.2369558043251065,1310,24937
X366,0.3681118297165662,1.0757854614538344e-18,0.05744274809160305,0.025192941554787362,1310,24937
X805,-0.3660352997364594,3.4887897378506032e-53,1457.8625954198474,1484.4718224937697,1310,24937
X53,0.3630636962179893,2.8370444091968476e-39,0.5058519083969465,0.504388917919447,1310,24937
X808,-0.3620034377335093,2.967048494522328e-46,1278.8320610687024,1300.979178390546,1310,24937
X661,-0.3595971170177851,7.978425288036875e-62,26.656538167938933,26.7554979298979,1310,24937
X1076,-0.35906120572391786,9.11731783894411e-43,2.8009541984732826,3.3143138515957875,1310,24937
X78,0.3570758764678768,2.179692900080164e-40,2.3161041984732824,2.314459200900394,1310,24937
X845,-0.35552020253716327,1.959535139177073e-33,1448.5954198473282,1463.6530267706407,1310,24937
X804,-0.354728831746797,5.57251726431562e-58,1434.381679389313,1461.1222767103466,1310,24937
X560,0.35434482430171993,5.931601561203933e-97,58.239408396946565,57.6615156965994,1310,24937
X418,0.35390063609456907,7.315858512670516e-58,117.57862595419847,115.93568614840422,1310,24937
X690,0.35317636916612005,4.002672038378673e-43,6.275305343511452,6.129229640646354,1310,24937
X79,0.35297460764273375,2.302441118943947e-39,2.319775572519084,2.3181479620548275,1310,24937
X386,0.3515691398434009,4.4988255985967997e-29,3.1543893129770995,3.0837486936248895,1310,24937
X846,-0.3513858930039642,7.849295003596313e-32,1454.0610687022902,1469.265214245518,1310,24937
X847,-0.3484580791560512,6.321897265123031e-32,1383.671755725191,1399.1305571187395,1310,24937
X1001,-0.3437289373038926,4.0726962272634326e-38,2676.975,2704.319288126055,1310,24937
X1016,0.34312442645267666,1.0379239758556537e-42,259.905248091603,241.49030814942856,1310,24937
X1000,-0.341309693109408,4.8643993965188857e-29,1659.2885496183205,1677.5788950076374,1310,24937
X586,-0.3378115108797745,1.0001182466086774e-91,0.2083169162069871,0.22440483261339092,1310,24937
X36,0.33717323190679155,6.808771534659801e-33,1.9742812977099238,1.972706909719431,1310,24937
X971,-0.3366839206714204,4.5041674482139246e-27,345.40458015267177,349.3063751105394,1310,24937
X38,0.3360068370114057,1.5630869097080874e-33,3.6168793893129774,3.615536397620388,1310,24937
X754,0.3343936965012245,3.4922170443486667e-31,145.00763358778627,118.19438861644826,1310,24937
X1014,-0.334311105464641,4.243435797592909e-52,187.80799936386768,197.70144946469964,1310,24937
X285,-0.33267585781723447,3.6138270852935557e-28,18.496765267175572,18.500836683013105,1310,24937
X821,0.3321990780185121,4.231806249820584e-30,1344.4198473282443,1328.6699091566845,1310,24937
X961,-0.33176010632402464,1.961552672693467e-22,577.8320610687023,581.4821931023395,1310,24937
X943,0.3290844303410282,3.692233543289868e-18,1371.2595419847328,1368.436289090763,1310,24937
X975,0.32782016839668593,3.1540982086923484e-50,-1340.0,-1343.427526328483,1310,24937
X993,0.3212946885090538,9.694179850090427e-36,3552.236641221374,3547.3882948790097,1310,24937
X865,0.3201050925774663,3.0719305202552767e-28,1001.3511450381679,967.3189163116006,1310,24937
X1011,-0.31989511859696573,3.476271933527939e-38,65.99587786259542,66.66327277112308,1310,24937
X937,0.31909407188553157,7.079887689974229e-19,-137.3969465648855,-141.58951684218988,1310,24937
X95,0.31849543014799037,2.5600658120156405e-36,25.627248091603054,25.565160985609772,1310,24937
X904,0.3144663021997962,5.244716452454618e-29,1885.1603053435115,1858.732213200418,1310,24937
X916,0.3143835912931304,5.428686017835964e-27,-247.0381679389313,-251.3571830533001,1310,24937
X962,-0.31436466133969093,1.2129983984737922e-24,358.6106870229008,362.41329688881746,1310,24937
X77,0.31382134861114896,3.3669727080234364e-28,2.3216118320610684,2.3203100128627705,1310,24937
X835,0.3135413944307851,3.3101275945984624e-18,341.5536259541985,339.96508963743065,1310,24937
X122,0.3126144612951854,9.839068007602541e-30,1.7984229007633585,1.797153428732213,1310,24937
X411,-0.31257171761584135,2.9420037624430566e-30,15.648473282442747,15.990523755928933,1310,24937
X400,-0.31183816827967353,5.154334648319222e-25,2.8625954198473282,3.224857303641772,1310,24937
X978,0.31017702995867635,7.599615429478749e-24,-468.03053435114504,-472.0486373502693,1310,24937
X563,0.3067789978886903,2.880078717489449e-60,58.13971374045801,57.52720576412895,1310,24937
X590,-0.3049110461443955,2.7560784729797165e-83,0.20066417126346206,0.2144970836715673,1310,24937
X967,-0.30397603065917395,5.1046555483293226e-33,2094.793893129771,2099.2853927164565,1310,24937
X1012,-0.3014661379472592,4.87226243163686e-31,32.58916030534351,32.927156523836324,1310,24937
X987,0.30034320691566196,2.3000377610182342e-20,1768.0916030534352,1765.841225178873,1310,24937
X1075,-0.29975003234745395,7.085703217424114e-29,4.076335877862595,4.7840662432671435,1310,24937
X784,0.2978913190001864,1.2218980889656229e-21,1718.4580152671756,1698.85440951845,1310,24937
X718,-0.2977501200619641,1.510898328263038e-35,999.2229007633588,1015.8938118015918,1310,24937
X405,-0.2971153279726336,4.9172121178683e-21,8.46412213740458,8.740362971299943,1310,24937
X958,-0.2963881457362288,4.2749470971693537e-16,-150.4885496183206,-148.42205965109736,1310,24937
X128,0.2958931692775616,3.529728675322484e-28,6.999370610687023,6.996796084894284,1310,24937
X576,-0.2948951935036971,8.39222031501984e-39,16.98352099236641,17.180712376396816,1310,24937
X898,0.29398291602626453,5.634864005398413e-24,2722.5190839694656,2700.3517163759143,1310,24937
X202,0.2927204208072593,3.4396089018113467e-28,6.700061832061067,6.698018610820806,1310,24937
X34,0.28929805082572085,3.549735669202697e-25,0.202337786259542,0.20101445051853042,1310,24937
X189,0.2891214511784204,3.1640095440881174e-24,6.402864885496182,6.400917477289172,1310,24937
X925,0.2882697323066455,1.5419696156638904e-28,2029.6335877862596,2025.3473751909316,1310,24937
X42,0.28410159875317964,6.231651775858264e-25,5.596988167938932,5.595102600691374,1310,24937
X409,-0.28385815596965785,8.675165689604487e-22,10.06469465648855,10.380245598520782,1310,24937
X18,0.283063652968111,6.202888071389041e-24,5.002569847328244,5.001121774258381,1310,24937
X165,0.2829600939240715,3.5838600232678785e-25,10.097786259541984,10.094251929415549,1310,24937
X928,0.28117586759826346,5.671361104481697e-29,2870.1374045801526,2865.8507918642977,1310,24937
X719,-0.27768321695494985,2.531166788885965e-17,1644.8797709923665,1671.3099224214166,1310,24937
X1018,0.2768867194056703,1.0971955865783805e-06,160.8756838422392,152.56156623923036,1310,24937
X652,-0.2760109700951749,3.7629095909201712e-28,1.5314885496183206,1.9365604148243427,1310,24937
X197,0.2729194505761051,1.0798942510417063e-23,6.699937404580154,6.698024539753999,1310,24937
X722,0.26958088327990165,1.2247426055519025e-15,1290.5387404580154,1264.849314655519,1310,24937
X892,0.2683191448630707,7.323540735285255e-18,2520.412213740458,2503.844762440711,1310,24937
X184,0.2677061983006466,5.10751661369518e-23,6.402456870229007,6.400652443926361,1310,24937
X970,-0.2675452603260337,2.7953139639848787e-20,2944.9007633587785,2948.6247286759385,1310,24937
X243,-0.2674494377183261,8.714749430121892e-14,1.0339347328244275,1.0602589838411447,1310,24937
X390,0.26615197429510973,4.2115310977289273e-22,7.301908396946565,7.182892515475521,1310,24937
X930,0.26588272323712997,9.61989527027831e-28,3517.0458015267177,3513.637189484685,1310,24937
X174,0.2652470414634572,9.827608554143394e-23,6.103413358778626,6.101656905699815,1310,24937
X893,0.2646189556241248,2.15966614352905e-15,2378.5114503816794,2361.547954015596,1310,24937
X76,0.2643037161069726,3.862018012507629e-21,2.319520992366412,2.318419728273977,1310,24937
X964,-0.2623853697367014,1.149995974956916e-15,1359.8320610687024,1362.0113353163438,1310,24937
X570,0.2618371691440495,6.374041441692295e-41,15.117051526717558,14.92939092772731,1310,24937
X173,0.26124260710369784,5.777369860897536e-22,6.102867175572519,6.10113011496101,1310,24937
X806,-0.26035178026946326,2.520382907183052e-23,1473.8702290076335,1491.7139641450278,1310,24937
X577,0.2594204446306108,2.1689099617108258e-20,1.7218416030534351,1.6847319921215531,1310,24937
X486,0.2593394198599171,5.98633644812689e-19,159.0675572519084,156.79766259345607,1310,24937
X938,0.25932084868311356,8.401819771401201e-15,356.32824427480915,351.96808425114557,1310,24937
X585,-0.2584012084895573,9.153843025580672e-18,0.65493893129771,0.6553097716858268,1310,24937
X393,-0.2577330746776706,2.741709986502527e-29,8.882824427480916,9.049139802234906,1310,24937
X180,0.2573919626910954,8.241800449846496e-21,10.097958015267176,10.094769776509365,1310,24937
X944,0.2563440645117807,9.868548465116734e-15,378.9389312977099,376.2993005868639,1310,24937
X644,-0.2559931971726775,2.8962703559364743e-23,1.884351145038168,2.313218506310797,1310,24937
X852,0.25552231587305757,2.7614886062084533e-29,807.9694656488549,788.5412814534931,1310,24937
X123,0.2553495315893251,5.78710263967475e-21,1.798317175572519,1.7972538588310956,1310,24937
X154,0.2542387964135189,6.144172263316515e-20,5.901604580152672,5.899911528257899,1310,24937
X994,0.2540635454198778,3.8722748650463754e-16,23.52671755725191,18.067368759546586,1310,24937
X833,0.252422834887585,7.854754517901654e-14,510.5307251908397,509.2663899831176,1310,24937
X19,0.2513949920485639,2.3656910781528413e-19,5.003296183206106,5.001998593134496,1310,24937
X965,-0.25069643582653495,1.2490757471306601e-14,374.6412213740458,376.6779483881341,1310,24937
X785,0.25007535142554316,1.024103878190719e-16,1642.0229007633588,1628.1192218023957,1310,24937
X391,0.24999053851302583,3.201245956027921e-21,8.676145038167938,8.544879009566685,1310,24937
X155,0.24990744499943554,1.0493820015437106e-18,5.902497328244276,5.900833587908996,1310,24937
X150,0.24527038955373384,1.0939431822187875e-18,10.098053435114505,10.095005024519654,1310,24937
X127,0.2447204255493185,7.18694117118963e-20,6.99923282442748,6.9970889741940665,1310,24937
X41,0.24464390809786848,2.6360027358431343e-19,5.597382061068702,5.59577029905941,1310,24937
X820,-0.2429497076082784,1.7462030319609385e-18,1327.8396946564885,1337.9773293673124,1310,24937
X647,-0.2429099579830011,7.161042441216286e-36,0.1946564885496183,0.32699573920733177,1310,24937
X929,0.2426382238199789,1.571784703562754e-19,301.23664122137404,297.85609775705444,1310,24937
X755,0.2371735776042402,9.356829695016037e-16,73.51908396946565,57.67505426481228,1310,24937
X572,-0.2353928305607565,2.6943457564866312e-27,11.111994274809161,11.262664301792748,1310,24937
X793,-0.23535181574055256,1.2422910903456719e-16,1991.5496183206108,2002.8153388536057,1310,24937
X484,0.23456159555448744,1.9488361253285553e-16,157.07538167938932,155.07325749658332,1310,24937
X646,-0.23447624236034686,1.3103030212309298e-27,0.49904580152671757,0.7306857464426401,1310,24937
X292,-0.23227400691464783,5.084737666204543e-31,1.4939007633587786,1.496730082804084,1310,24937
X483,0.22980035175261398,7.317694215329534e-15,155.77480916030535,153.8447825387893,1310,24937
X917,0.22869365698846522,3.299933782260577e-10,265.12213740458014,262.14575126617893,1310,24937
X485,0.22842792295346281,2.3851168974088548e-15,157.05095419847328,155.09051169708175,1310,24937
X116,0.2283112365858829,8.647884889562118e-16,1.903490458015267,1.9025487378406623,1310,24937
X46,0.22775048757018,2.5039209929786477e-16,2.996833969465649,2.995324604067851,1310,24937
X992,0.22521093755579652,6.108737690367076e-14,342.51908396946567,339.3312967280328,1310,24937
X931,0.22510772330329978,1.1329736049123723e-10,364.1020992366412,362.40780006431385,1310,24937
X642,-0.22494742076673727,2.3031626310024336e-24,0.39427480916030533,0.5527876035051049,1310,24937
X1013,-0.22428722549883712,1.5896469189030159e-21,121.35709923664122,122.09431224374948,1310,24937
X589,0.22201380174763727,6.618181814810883e-48,0.362453500522466,0.3543154503266235,1310,24937
X207,0.221450781961576,7.266340931225634e-15,8.998977862595419,8.996794698126859,1310,24937
X1064,-0.22014766836930227,5.380199324874325e-19,10.842212929293893,11.589848147693745,1310,24937
X111,-0.21970175223108596,6.219940281739805e-17,0.4995698473282443,0.49980030549079507,1310,24937
X587,0.21915770731300077,6.858966161908019e-19,0.325161449752883,0.32360529449482456,1310,24937
X495,0.21849012203690074,2.537809376714252e-13,4.2778625954198475,4.221621512983359,1310,24937
X121,0.21720737232613443,9.74926409045934e-15,1.7979587786259543,1.7971110418843956,1310,24937
X669,0.2156070786096921,5.290266324729843e-15,1.8431736641221372,1.8415325789854493,1310,24937
X293,-0.21299733146864785,5.171193828750917e-26,1.4941297709923664,1.4967114116890423,1310,24937
X678,-0.212422119583686,1.3617729850162573e-15,1.995321755725191,1.9961086100168826,1310,24937
X1015,-0.21237245524542916,1.7284728461262726e-19,165.3336354961832,170.7372656804813,1310,24937
X406,-0.2106384029603031,6.837039209156418e-12,9.943320610687023,10.142917437093013,1310,24937
X918,0.20892328409910213,7.619471925198419e-11,260.0,257.9100410000804,1310,24937
X912,0.20817616986074064,4.649312364741303e-13,-1360.7099236641222,-1363.503095104108,1310,24937
X295,-0.20806180794155574,7.245937616753792e-27,1.4907603053435117,1.4932572152102257,1310,24937
X210,0.20765201848019,1.5569891803147407e-13,6.9999900763358776,6.9985964305812365,1310,24937
X61,-0.20554624033814778,6.704195723216586e-13,-0.7314402671755725,-0.7308538668703273,1310,24937
X1058,0.20424524932203378,6.701710323855272e-14,198.9408396946565,198.30330010451001,1310,24937
X836,0.20382298723841738,4.631025490298306e-16,-434.5687022900763,-445.2650936570464,1310,24937
X639,-0.20306103967493044,2.267940918467354e-19,0.807824427480916,1.080864619342391,1310,24937
X594,-0.20245982302231574,2.2268467510840316e-12,1430.8595551894564,1484.4315517083448,1310,24937
X981,0.20183788093753177,2.3330168754397236e-21,250.55725190839695,249.30323981027414,1310,24937
X336,-0.20148339777688026,5.824293394134082e-12,159.38015267175572,159.5169627783584,1310,24937
X935,0.2010374118250998,6.21121142012859e-10,404.6793893129771,401.37527132406143,1310,24937
X428,-0.2009472972130901,8.635171728903566e-12,94.66202290076336,94.76953533242222,1310,24937
X579,-0.2008953555353515,9.026038119786592e-12,0.6779828244274808,0.6782701382747809,1310,24937
X145,-0.20073119375926873,2.1027421747327634e-15,4.000587786259542,4.002106841385963,1310,24937
X5,-0.20061087458192062,6.354861284021092e-14,1.1981072519083968,1.1985583648203233,1310,24937
X888,-0.19951270516066635,1.8970359912078317e-12,2286.5114503816794,2298.3085457030306,1310,24937
X294,-0.1992793582106305,1.4253726754128892e-24,1.4908885496183204,1.4932625412010614,1310,24937
X571,0.19882022373008965,1.862473579430325e-25,15.780543893129769,15.645028740252434,1310,24937
X903,0.19758594201474947,2.239826921301339e-12,2206.8396946564885,2189.1671356218344,1310,24937
X794,0.19709061107414652,3.799651083283828e-11,2091.908396946565,2083.1003296084896,1310,24937
X803,-0.1965682412392656,3.833442051365525e-18,1381.0763358778627,1395.734785754482,1310,24937
X308,-0.19652287131339274,2.924021904848712e-17,2.338613231552163,2.8226579039043864,1310,24937
X641,-0.19634965815640756,5.605092909248312e-18,0.6129770992366412,0.8457070504059812,1310,24937
X766,0.19546466111393088,8.784528523951787e-11,714.9236641221374,704.9634214969049,1310,24937
X213,0.1941126192826498,6.816103735608979e-13,10.098141221374046,10.095722626416915,1310,24937
X62,-0.19333340851295475,6.26041903136274e-12,-0.7312129770992366,-0.7306592069298175,1310,24937
X40,0.1909255345550774,8.017594474662262e-11,5.598215267175573,5.597044657930702,1310,24937
X651,-0.19013613273788935,2.653519619837845e-17,1.0295801526717556,1.2344239890666453,1310,24937
X161,0.18915856392307123,6.531734815222293e-11,6.999197328244274,6.997941675375834,1310,24937
X592,0.1889595661474807,2.916880664538983e-14,0.3786859209732824,0.1287721738765174,1310,24937
X549,0.18829322339603005,6.680691750600149e-12,1629.9079198473282,1628.174431224375,1310,24937
X63,-0.18776726003030766,1.2131194553399972e-11,-0.7315208015267175,-0.7309874387008601,1310,24937
X851,0.18687996483365144,3.4815964512153426e-19,852.1297709923664,837.1862689926843,1310,24937
X60,-0.18375684053730668,9.72391578578008e-11,-0.7310868320610688,-0.7305627763485811,1310,24937
X807,-0.18281503211435512,7.941696745373349e-10,1399.6946564885495,1413.0705844521265,1310,24937
X924,0.18078605528475383,9.028561775210631e-09,1737.503816793893,1735.096390385079,1310,24937
X580,0.1798110958916864,1.1442024641802563e-35,0.36511784776902884,0.3596183738959617,1310,24937
X796,0.17978242452009296,2.9171075135940406e-09,2217.06106870229,2210.089235469089,1310,24937
X66,-0.17940036053483152,5.331990761815699e-11,-0.034126335877862596,-0.033666381943886166,1310,24937
X595,-0.17824666594877378,3.8477782241485574e-19,0.034923664122137404,0.08307540799099607,1310,24937
X200,0.17728723244029332,2.9688957989850875e-10,6.701180152671754,6.700075629069861,1310,24937
X1060,-0.17720334635259707,8.9246166934952e-14,18.008562000992363,18.651124594718226,1310,24937
X187,0.17499934539395262,3.951582595586723e-10,6.403872900763358,6.402807420210628,1310,24937
X191,0.17474709984801964,9.989849168560389e-10,6.998903435114504,6.997749819117292,1310,24937
X767,0.17280964359426074,1.7323018349826144e-08,728.0992366412214,719.4006752954417,1310,24937
X868,-0.17278134999837863,3.3527028745714564e-10,459.59541984732823,479.3709301390787,1310,24937
X64,-0.17085695550307325,7.37147279550036e-10,-0.03331660305343512,-0.03287676863091888,1310,24937
X112,-0.170596292215541,1.5269039949682282e-10,0.999643893129771,0.9998193182731732,1310,24937
X802,-0.17052494748752275,4.630469807662154e-14,1337.0992366412213,1348.4022027494173,1310,24937
X429,-0.16940288029147282,4.580793164336707e-09,93.8851145038168,94.0361463944047,1310,24937
X129,0.1673244324378626,2.084935270586295e-09,6.998686641221375,6.997363353163437,1310,24937
X104,-0.1668924941520449,6.82576304275346e-10,0.4994362595419847,0.49960961492081357,1310,24937
X146,-0.1662959452049281,5.400728449521615e-10,3.99806641221374,3.999213582281534,1310,24937
X914,-0.16531485599667892,1.343514464570471e-08,291.1526717557252,293.30790256451485,1310,24937
X797,0.16371935835162485,5.916115766303628e-08,2239.1984732824426,2232.9548195192538,1310,24937
X765,0.16315492831459746,8.204555263765815e-08,647.7022900763359,639.076694268028,1310,24937
X65,-0.16312089412197286,4.909491297670876e-09,-0.03347309160305344,-0.03305251627944369,1310,24937
X260,0.1626223368797822,2.6405973541185026e-08,2.3009049618320607,2.300377562505025,1310,24937
X878,-0.16196445351066605,1.3845920545688303e-10,998.6946564885496,1019.6836562424633,1310,24937
X261,0.16118519951179291,3.2697944395513255e-08,2.099678244274809,2.099201422943967,1310,24937
X373,-0.1600652839041487,9.929590744384507e-14,0.04885496183206107,0.07681485649971863,1310,24937
X853,0.1600536555739247,4.209783260623315e-10,810.4885496183206,798.3121633571831,1310,24937
X195,0.1594480921550838,2.4615496941233948e-08,6.700141221374046,6.699146856660503,1310,24937
X637,-0.1592604989303573,1.4216217138404609e-12,0.4440839694656489,0.5833366830131039,1310,24937
X166,0.1588338320944402,1.9225570461734307e-08,6.003741984732825,6.0027892515475525,1310,24937
X497,0.1584301557279876,2.9642185496031574e-08,4.319274809160305,4.278016721601415,1310,24937
X919,0.15755717908920663,4.539878297024402e-06,512.6259541984733,511.3772811319238,1310,24937
X496,0.1571844117865766,4.172805443383118e-08,4.230916030534351,4.191424149851274,1310,24937
X959,-0.15401861755264684,3.3082540646893824e-05,367.67175572519085,369.4337165366991,1310,24937
X643,-0.15379067457229323,1.9224546010373452e-11,0.8948473282442748,1.0796285875070344,1310,24937
X764,0.15269463955857895,2.854979979586238e-07,588.4503816793894,579.9706568052094,1310,24937
X160,0.15142916928026248,1.647976598826325e-07,5.00125572519084,5.000196659699333,1310,24937
X854,0.15060146382322312,4.2078325190117686e-07,903.1297709923664,890.1085296245678,1310,24937
X57,-0.14860320564711063,3.1163453332208346e-07,-1.5865954198473287,-1.5859296768228959,1310,24937
X926,0.14853683747680904,9.029543126810134e-07,292.1297709923664,290.25098480585257,1310,24937
X193,0.1484686956866966,2.0307599921077367e-07,8.296351526717556,8.295080352118337,1310,24937
X682,-0.14492652267259995,2.3485921782895239e-07,2.1039259541984734,2.1055722927888096,1310,24937
X126,0.14426824800770244,2.975378202678449e-07,6.999264885496183,6.998112629632607,1310,24937
X59,-0.1441267202321408,2.2987014836544663e-07,-1.5868872137404582,-1.586237539191253,1310,24937
X209,0.13835795100373316,7.811539708827553e-07,5.60508320610687,5.604214607283544,1310,24937
X45,0.13711804792402107,8.040211455681163e-07,2.9972080152671756,2.996295421657689,1310,24937
X910,0.1367556830784319,6.160685693779472e-06,282.85896946564884,281.98588109976686,1310,24937
X214,0.13626329757002645,2.2408466134360252e-06,5.0027721374045795,5.001823498673527,1310,24937
X28,0.13409376368473705,3.1320781904201223e-06,2.9971274809160304,2.9964056395208614,1310,24937
X1045,-0.13406206936659223,5.933844999178795e-07,835.9778625954199,836.3449533724576,1310,24937
X190,0.13275145260703736,4.686374543862551e-06,5.6039805343511455,5.603158614036499,1310,24937
X578,0.1327299203815953,2.7162622132936273e-15,0.363834121355398,0.3597377405338299,1310,24937
X6,-0.1326934827691863,1.2073094102528473e-06,0.799463358778626,0.7996924190047431,1310,24937
X330,-0.1325135957821699,1.772140547530602e-08,9.427862595419848,10.039743950478334,1310,24937
X267,0.13085780911624137,1.2548171799298986e-06,2.9968759541984733,2.9960387289975077,1310,24937
X901,0.13011834337525077,6.791136140628762e-06,2288.5038167938933,2278.6401640003214,1310,24937
X911,-0.1295712371400733,2.6485773296944966e-08,-2148.389312977099,-2141.623522791221,1310,24937
X895,0.12680499912111579,3.5017144036697694e-06,2734.2213740458014,2721.83133692419,1310,24937
X498,0.1262253964103215,6.196225619622236e-06,4.324809160305343,4.291854248733821,1310,24937
X801,-0.12433377913454648,1.216000856809864e-07,1306.9083969465648,1314.4292145670875,1310,24937
X889,-0.12414550469844697,1.0860822778002047e-05,2265.8320610687024,2273.0131039472626,1310,24937
X480,0.12331933394514065,7.519385460236008e-06,17.61374045801527,17.37586421738082,1310,24937
X763,0.12325787023008153,5.6728624355084455e-05,501.17557251908397,493.14575126617893,1310,24937
X58,-0.12203026457721007,1.8223864115575337e-05,-1.5864664122137402,-1.5859197885682128,1310,24937
X795,0.12083827656658737,4.151046915581253e-05,2150.0458015267177,2144.9722646514992,1310,24937
X670,0.11988495150243844,1.2226453069933495e-05,1.8377003816793895,1.8368427928290059,1310,24937
X720,-0.11916990118960556,9.682380957822367e-06,2540.132251908397,2544.766992925476,1310,24937
X650,-0.11915238711979603,1.835778879483981e-06,1.0001908396946564,1.1177948388134094,1310,24937
X830,0.11842032746073802,0.00033461825528783716,402.793893129771,402.1166894444891,1310,24937
X850,-0.11720603124184191,8.247511971391287e-07,1062.0916030534352,1070.4148243427928,1310,24937
X376,-0.11608154085005169,7.647058504241086e-07,285.71450381679387,405.1079668783664,1310,24937
X120,0.11594749037593724,4.927944035455968e-05,1.7973816793893131,1.796933173888576,1310,24937
X365,-0.11484169147387248,6.935213407561177e-06,0.09522900763358778,0.1155740011254924,1310,24937
X16,0.11422049944066405,9.648312120748162e-05,2.2952374045801527,2.2944027052013825,1310,24937
X385,0.11378148291360016,0.00011701362566809862,2.4597328244274808,2.4307520701020984,1310,24937
X573,-0.11369073996287268,1.2493514363009231e-07,22.962557251908397,23.07079899911568,1310,24937
X408,-0.11329260467501528,0.0002357312137731012,11.217175572519084,11.325056274620147,1310,24937
X939,0.11311106694261663,3.639510689275949e-05,245.9770992366412,244.8000643138516,1310,24937
X266,0.11171373008398978,0.00011050999438542442,3.9941599236641223,3.993583185947423,1310,24937
X831,0.11147930361599347,0.0014035682777178784,416.83835877862595,416.29793391751747,1310,24937
X255,-0.11139190971881538,0.0007996988775656132,1.0862293893129773,1.09005768148565,1310,24937
X628,-0.11007684452601098,7.388289144366766e-22,0.9580152671755725,1.6146092933515557,1310,24937
X56,-0.10990113030185308,0.00012522639196996827,-1.5861202290076337,-1.5856307781976045,1310,24937
X240,-0.10901759947459551,0.0007338788671246609,1.0902053435114505,1.0929405498834313,1310,24937
X922,0.10864910563809285,1.8086069996145243e-06,1286.030534351145,1285.711391590964,1310,24937
X203,0.10790953295501673,0.00014525915603501717,5.603817557251909,5.603144103223732,1310,24937
X915,0.10466912445026072,0.000674977631375912,-512.1603053435115,-513.5029343194791,1310,24937
X956,-0.1041757021744092,0.000187704446991885,385.9770992366412,387.374547793231,1310,24937
X800,-0.10412560503090454,1.5777417650566544e-05,1305.0763358778627,1311.2557279524078,1310,24937
X67,-0.10343176420127881,0.00021831651791728992,-0.03404389312977099,-0.033784468204839616,1310,24937
X946,0.101851973794905,0.0036136699197641506,2084.648854961832,2083.893882144867,1310,24937
X269,0.10156501145378416,0.0003490570642821411,2.9958480916030537,2.9951973430340058,1310,24937
X7,-0.10029002386274168,0.0002334387742757175,0.6998026717557252,0.6999748171074845,1310,24937
X890,-0.09989669195453989,0.0003035500045075155,2284.358778625954,2290.026127502211,1310,24937
X877,-0.09730706100074483,0.004726787888606134,646.4198473282443,654.8515421925664,1310,24937
X986,0.09649216225337917,0.0015471548979466077,359.587786259542,358.2009807862368,1310,24937
X1004,0.0954522563089367,0.017158794448047267,77.88547232824426,77.61208974797009,1310,24937
X177,0.09535188892054021,0.0007528277685433301,5.000670610687023,5.000008421094943,1310,24937
X1002,0.09522763273339228,0.0009894321597657778,2076.7215648854963,2067.658553742262,1310,24937
X113,0.0941916023803997,0.0007770231810996823,1.9042782442748092,1.9035080392314494,1310,24937
X951,-0.09267087301884952,0.0010587194455534625,3529.8091603053435,3531.1116649248333,1310,24937
X689,-0.0922488755410674,0.0001329409959125194,1.5062690839694657,1.5217187374387011,1310,24937
X920,-0.09207505198680264,0.0046391842876684596,252.6259541984733,253.4672401318434,1310,24937
X829,-0.09175162318280414,0.003324383434622593,473.2736641221374,473.8537764289734,1310,24937
X927,0.0912775504989079,0.004069808238747287,2568.9007633587785,2567.9946941072435,1310,24937
X557,-0.09013588410558664,1.3063250575343454e-05,22.67820610687023,22.758597455583246,1310,24937
X1033,0.08901438128942511,0.1269110795836229,3.1412679961832057,3.138279137189485,1310,24937
X105,-0.08890563542627623,0.0010644512325246763,0.9995694656488548,0.9996596189404293,1310,24937
X1070,0.08884726481309417,0.0005460127474831489,83.19834011917939,82.71282833219512,1310,24937
X368,0.08864056647326307,0.007362148099708886,0.017557251908396947,0.012350269314253558,1310,24937
X998,-0.0884571369452715,0.0006502400610070115,518.7198473282443,521.39339979098,1310,24937
X608,0.08814138491070185,0.02056211363558926,1.6074427480916031,1.1783804968245035,1310,24937
X966,0.08775931209484351,0.008379154249684799,1729.9312977099237,1729.1972023474557,1310,24937
X921,0.08716006078765699,0.0027269110534823603,988.2824427480916,988.0209020017686,1310,24937
X264,0.08421604759599469,0.002599518599443881,7.505617175572518,7.504599646273816,1310,24937
X482,0.08401767757529507,0.0021740194199301125,16.964885496183207,16.80248613232575,1310,24937
X117,0.08315311984288154,0.0038773253312154306,1.8987293893129773,1.8982396896856657,1310,24937
X932,0.08306204586065467,0.008255056206238565,-2209.961832061069,-2213.884958597958,1310,24937
X1005,0.08115220359149866,1.2092321723690143e-17,2.3507919847328242,2.282684751587748,1310,24937
X318,-0.08065334046743497,0.006171653227222445,3.1713740458015267,3.3231972023474556,1310,24937
X1029,0.07972503349931993,1.3611808768710682e-22,0.4804636259541985,0.47633601977650936,1310,24937
X479,0.07932584358512565,0.0050659635948695735,17.147519083969467,16.993649007154914,1310,24937
X667,0.07893408956454154,0.003248126877404415,1.8417591603053434,1.8411736072031515,1310,24937
X640,-0.07832609354335769,0.0015400422160786937,0.33091603053435115,0.39827357504622557,1310,24937
X947,0.07781449543243688,0.026356865683366353,358.42748091603056,357.8424310635903,1310,24937
X364,-0.07682448949778947,0.0021029333366355523,0.025190839694656488,0.03245839697724898,1310,24937
X664,0.07665564345488192,0.004829579465055215,1.942664885496183,1.942190449393038,1310,24937
X1030,0.0762043062441443,8.029705631217342e-07,0.569903606870229,0.5679698157006189,1310,24937
X1007,0.07567006965196109,0.0003405310963426416,239.4029955470738,238.96270953921805,1310,24937
X799,-0.07420243871882565,0.0022878819901215996,1304.1526717557251,1308.4520459844039,1310,24937
X611,-0.07382978820213372,0.000646091942721443,0.060114503816793896,0.08204035694187636,1310,24937
X332,-0.07312610556905538,0.005261008461316891,0.3480916030534351,0.37756250502451966,1310,24937
X726,-0.07280670370200071,0.008684979618616468,1016.8942748091603,1020.5355836482032,1310,24937
X1081,0.07144772730541583,0.008511746473594928,4.874227099236641,4.872287060856983,1310,24937
X940,0.07031944546514972,0.04365263148656015,584.7709923664122,584.0133451242061,1310,24937
X727,-0.0699789144966676,0.04698316516719656,30.517710049423393,30.79163222497023,1310,24937
X375,-0.06784567025934171,2.022808210197089e-25,0.0,0.002612750221078865,1310,24937
X997,-0.06696695388076562,0.0303610404914615,2285.725,2287.361152423828,1310,24937
X481,0.0656589736617189,0.01932756040640682,16.67003816793893,16.54206527855937,1310,24937
X434,0.06550315345453196,0.018187288805982423,45.30152671755725,45.279333145751266,1310,24937
X317,-0.06391714767849023,0.031229927711241248,3.207824427480916,3.3278901037060855,1310,24937
X601,-0.06336634260178008,0.012576810760216448,4935.864503816794,4937.233308545703,1310,24937
X832,0.06236734983040835,0.0916781989172833,384.30458015267175,383.98593134496343,1310,24937
X431,0.06175985013884026,0.01888238492503932,119.59637404580153,118.9248130878688,1310,24937
X798,-0.05917063189073119,0.01571898354328213,1303.1145038167938,1306.4940911648846,1310,24937
X840,0.05902735226980369,0.09253653849751475,901.0381679389313,894.9284508400997,1310,24937
X841,0.05795188904698797,0.04310071564422548,1173.3129770992366,1166.6838170270921,1310,24937
X302,-0.05669545898275692,0.03714859185699475,20.214503816793894,20.6274620146314,1310,24937
X645,0.05651874454571359,0.0558131740234049,0.20763358778625954,0.19229841627140445,1310,24937
X430,0.05544186299987743,0.045745600726379385,141.6206106870229,141.60410804727067,1310,24937
X305,-0.05537339744943456,0.06841454732977974,12.871374045801527,13.236996543130477,1310,24937
X826,0.054430691330737885,0.1363783710358525,418.93568702290077,418.68812806495697,1310,24937
X20,-0.054071976674511656,0.0498198161167887,0.5005423664122137,0.5006491880376236,1310,24937
X1073,-0.05383582884673605,0.08349935090459362,3.401908396946565,3.493638958115604,1310,24937
X372,-0.053765622633357615,0.026712726563096655,0.01812977099236641,0.02411769434842029,1310,24937
X1031,0.05345596703679243,2.1445994359114713e-10,1.3450234732824429,1.331549826486588,1310,24937
X314,-0.05262808179264343,0.1187037345674097,7.229007633587786,7.520630677707211,1310,24937
X24,0.05194665693266847,0.06924365744960224,2.993145419847328,2.9928155398343916,1310,24937
X613,-0.05133026436888056,0.03392658259359319,7.666793893129771,7.853826674169949,1310,24937
X1068,-0.051158750202124396,0.07678825724330367,3.153352150706107,3.1958775546104996,1310,24937
X1080,-0.049961713598983874,0.07098362916602859,4.871925572519084,4.873340200176863,1310,24937
X913,0.04940301553270827,0.06899378082818546,-1069.557251908397,-1070.195192539593,1310,24937
X384,0.04935010320474746,0.07256629827548419,0.002480916030534351,0.0012159337567328563,1310,24937
X668,0.04838907322579387,0.07680072982019001,1.8371625954198474,1.8368251467159742,1310,24937
X1006,0.047609113975573804,0.023216454142477482,258.0594357506361,257.72097313221855,1310,24937
X1066,0.0473117531056835,0.12826238572123966,4.273375971908397,4.142236204172361,1310,24937
X514,-0.04712875814609074,0.06745930594827962,0.020419847328244273,0.027705201382747808,1310,24937
X1008,-0.046788171802365316,0.0028938554961811837,108.70702290076336,111.60261275022107,1310,24937
X1079,0.04665143986014781,0.1321896085035127,3.2434026717557254,3.242115021303963,1310,24937
X905,-0.042695861592798,0.115726044789092,1804.0152671755725,1808.0408392957634,1310,24937
X435,-0.04202344610007246,0.1298872532816215,173.05973282442747,173.0748351957553,1310,24937
X948,0.0409837700886602,0.14616345984876733,2591.1679389312976,2590.5423265535815,1310,24937
X1042,0.04059414004409871,0.0703288782113454,18.495095419847328,18.488685786638797,1310,24937
X12,-0.040132220103713374,0.14688930164278716,0.4010713740458015,0.40115385079186433,1310,24937
X516,-0.039854691894714064,0.10948690188453142,0.03931297709923664,0.04783342712436691,1310,24937
X471,0.039701831098483804,0.1723365770884353,92.76946564885496,92.12026690248412,1310,24937
X941,-0.03902231568972315,0.20097252409925268,338.793893129771,339.21328081035455,1310,24937
X995,0.03707017780597618,0.1561436151380711,1767.0051526717557,1765.9677526328483,1310,24937
X945,0.03635306661741653,0.31442259189343724,1726.2213740458014,1726.0514510812766,1310,24937
X476,0.03570414483912961,0.46480723524324363,1.000381679389313,1.0001004903931183,1310,24937
X477,-0.0348954463135726,0.21842210080830698,0.9998091603053435,1.0000502451965592,1310,24937
X29,0.03432287652044837,0.22801736982378693,24.73585687022901,24.73298366026208,1310,24937
X972,-0.034166765833235586,0.2513272731401493,3554.5267175572517,3554.945574403087,1310,24937
X957,-0.03357014919479529,0.27723963832227083,-518.1603053435115,-517.8557761877964,1310,24937
X27,-0.03310065511252328,0.2529487573556096,34.76216221374045,34.7651211914141,1310,24937
X337,-0.032420068984327255,0.2555276751473335,1647.5215648854962,1647.86813650615,1310,24937
X472,0.03213222131203346,0.2651629153292212,94.94351145038168,94.35067127582603,1310,24937
X834,0.03142135227264739,0.3038444539709331,607.7709923664122,607.5855876678189,1310,24937
X1017,0.031121094162517793,0.13892379603398275,178.30248091603053,177.37198767938256,1310,24937
X950,-0.030761451644446193,0.29748132439771413,350.4732824427481,350.85231931827315,1310,24937
X636,-0.02910638969518821,0.3227686949643772,0.06946564885496183,0.08126658091486454,1310,24937
X392,-0.027585704332345976,0.27337768300405857,10.565648854961832,10.583135702226867,1310,24937
X933,0.027295919946527244,0.3048755760239742,-1375.0610687022902,-1375.1133531634375,1310,24937
X468,0.027058158099722323,0.6381640675792675,1.0,0.9997789211351394,1310,24937
X22,-0.02652526144818336,0.35417336384007536,0.5009595419847328,0.5010118176702306,1310,24937
X550,0.02640231693119727,0.30390367626777415,1540.90179389313,1539.952479097998,1310,24937
X21,-0.026355640441909606,0.3376262497124314,0.5004221374045802,0.5004736112227671,1310,24937
X319,-0.025393775396267904,0.39511841931591196,3.2490458015267176,3.298024358871292,1310,24937
X737,0.025381714865948264,0.3346689298250226,-1994.2595419847328,-1995.3585497226466,1310,24937
X606,0.025308508357533503,0.4726272501586558,3.2923664122137404,3.1548858429134174,1310,24937
X730,-0.024481137949012473,0.5930681527595651,316.9095419847328,317.2951603826674,1310,24937
X954,0.024322738313458787,0.37971671010769137,-1335.2977099236641,-1335.3637752230886,1310,24937
X721,-0.02421529198959593,0.4885810004282476,2935.4185114503816,2936.1592370769354,1310,24937
X1044,-0.02397338745242697,0.29153129818458484,1197.0759541984733,1197.3862448749899,1310,24937
X466,-0.023521967507030356,0.3812337036004326,69.38606870229007,69.52823780046627,1310,24937
X369,-0.0233861186367322,0.37868967318624025,0.0450381679389313,0.04767264249537744,1310,24937
X320,-0.023211509868430225,0.42467840717789496,3.2431297709923665,3.2878848782056433,1310,24937
X467,0.02288776079720203,0.18695233295166389,0.9998091603053435,0.9995377441916553,1310,24937
X942,0.021913880376952074,0.4329899872406665,992.3206106870228,992.136988503899,1310,24937
X1003,-0.02116178411375193,0.431754754763633,286.36881297709925,286.49863480451273,1310,24937
X665,-0.02114593907140382,0.3809266902576156,1.8879854961832057,1.8883255084813892,1310,24937
X963,-0.021112244427920833,0.45141019891522516,985.1908396946565,985.3333869282096,1310,24937
X1077,0.020614162328476907,0.44495024432247277,2.891412213740458,2.8679656724817106,1310,24937
X432,0.020355921354587435,0.4803452408973966,175.5110687022901,175.50286397620388,1310,24937
X470,0.019813669860290394,0.34117448692889507,0.9998091603053435,0.9996181365061501,1310,24937
X374,-0.018892183528653173,0.4816914391257129,0.006679389312977099,0.007486534287322132,1310,24937
X574,0.0181651820753359,0.3674157878069506,18.635620229007632,18.62123512742182,1310,24937
X1071,0.01798125220354886,0.5204297953762234,8.426574968874046,8.357815070884918,1310,24937
X969,0.017705269098587845,0.5463568834111185,2599.4961832061067,2599.3183535653993,1310,24937
X433,-0.01622102171275825,0.5534541660584157,45.07557251908397,45.08135702226867,1310,24937
X949,0.016143852145246215,0.5770047047757442,2941.641221374046,2941.3946458718547,1310,24937
X367,-0.01609044407072397,0.5562915482670477,0.034732824427480914,0.03627703191574885,1310,24937
X474,-0.01480766016791429,0.5898736663074556,93.08702290076336,93.34480263686791,1310,24937
X469,0.014677974250971063,0.5412472628361236,0.999618320610687,0.9994473028378487,1310,24937
X960,0.014144764539907987,0.6291394993915844,219.22137404580153,219.06889621352198,1310,24937
X923,0.012812885262249617,0.6413720860529217,297.7480916030534,297.6904895891953,1310,24937
X936,-0.011946359664041168,0.6860303810509678,-493.7251908396947,-493.55760109333545,1310,24937
X11,-0.011781760647125071,0.6701845512258502,0.4009950381679389,0.40101939464587183,1310,24937
X512,0.011193866288706344,0.7922772807415339,0.004389312977099237,0.0038085858991880376,1310,24937
X649,0.011187980752871344,0.7558421306800873,2.059351145038168,2.0155257657367955,1310,24937
X425,0.009276154612940749,0.7463919474305849,3.7595419847328246,3.7568735428893,1310,24937
X275,0.008492361948003992,0.7415263150557236,17.009496183206103,17.009410623844357,1310,24937
X85,-0.007358686880039815,0.7928543060028356,30.54554770992366,30.635870146314012,1310,24937
X1063,0.006767517581030789,0.8205386279171913,24.395960645706108,24.368124978814617,1310,24937
X1082,0.006491767832691733,0.8368911469636879,0.00019083969465648855,0.0001507355896776268,1310,24937
X891,-0.006215813244952327,0.8212974299304708,2302.8244274809163,2303.179114076694,1310,24937
X996,-0.0034651731551425865,0.9161608889769917,2044.7998091603054,2044.8430440549882,1310,24937
X1032,-0.0034153764012378467,0.8108039267150129,0.5076820801526718,0.5077801863091889,1310,24937
X14,-0.0027467658725946077,0.9223319299781092,0.20200458015267173,0.20201018972586224,1310,24937
X473,-0.0022665232935630128,0.9339006569472774,92.4030534351145,92.44054988343115,1310,24937
X828,0.0008477577115381794,0.9769743214780708,889.6286259541985,889.5992744593617,1310,24937
